income,credit_score,debt_to_income,years_employed,age,education_level,num_credit_accounts,neighborhood_code,loan_amount_requested,has_cosigner,approved
62840.63,646,0.188,0.0,21,0,6,5,95168.25,1,0
45746.38,644,0.17,4.6,19,0,6,3,37522.46,0,0
67767.92,536,0.511,12.4,29,1,3,2,25146.39,0,0
104978.93,654,0.319,3.6,40,2,11,2,18938.47,1,0
43604.83,739,0.384,0.0,20,2,6,5,71625.26,0,1
43605.19,578,0.085,1.2,35,1,6,1,7755.47,1,1
107969.75,764,0.461,12.8,64,1,4,5,85354.87,0,1
71949.33,719,0.326,0.1,23,1,4,2,33901.0,0,0
38764.6,621,0.061,2.5,67,2,5,1,40131.66,1,1
64297.76,669,0.401,7.8,63,0,4,2,81173.98,1,0
38882.17,808,0.245,9.1,61,0,7,9,82346.84,0,1
38837.25,739,0.303,3.2,63,1,6,2,43000.86,0,0
55325.05,681,0.141,1.3,22,1,11,10,57613.34,0,1
20000.0,661,0.311,4.6,26,2,1,7,69524.92,1,0
20692.8,686,0.041,1.5,25,1,4,7,70417.62,0,0
37006.77,639,0.097,1.5,24,0,8,8,55735.24,0,0
29542.48,512,0.518,8.2,35,0,1,1,85190.02,0,0
57361.22,843,0.242,0.8,61,3,3,7,84936.85,0,0
31131.89,692,0.191,0.0,31,0,17,7,85636.18,0,0
24193.71,712,0.305,2.1,31,0,5,1,30480.73,0,0
102009.82,675,0.365,3.4,53,2,5,10,29406.02,0,1
43787.86,621,0.261,6.1,23,1,10,6,18283.1,0,1
50704.2,665,0.694,7.6,37,1,5,6,83507.94,1,1
24043.64,552,0.337,5.4,33,1,6,8,10762.73,0,1
37339.56,850,0.247,4.9,62,3,2,8,17854.02,0,1
51816.36,581,0.028,5.5,45,0,3,2,92989.96,0,0
27570.54,597,0.144,1.6,52,1,3,7,16885.77,1,1
59151.01,645,0.255,2.4,25,1,10,7,16521.85,0,0
36303.91,783,0.045,4.8,66,0,5,10,91365.39,0,0
42368.19,681,0.361,0.3,35,1,6,7,34459.86,0,0
36284.53,581,0.084,1.8,55,2,5,6,88735.24,0,1
123764.9,780,0.212,2.6,68,1,1,10,40877.37,0,1
48691.09,738,0.248,3.8,44,2,2,2,40495.76,0,0
28886.93,723,0.58,3.3,44,1,6,6,17842.34,0,0
73959.47,737,0.721,6.3,24,2,10,2,92269.16,0,1
26624.26,850,0.434,3.2,38,2,5,9,77360.27,0,0
54417.0,850,0.161,11.7,62,1,6,3,26436.69,0,0
20000.0,625,0.243,2.4,25,2,3,7,74140.78,0,0
25232.98,810,0.182,3.7,66,1,3,6,14850.81,1,1
54091.41,711,0.208,0.0,53,1,2,9,54762.03,0,1
70914.72,720,0.203,1.9,40,1,2,6,29155.38,0,1
53406.31,545,0.14,10.1,46,0,3,4,85805.52,0,0
46266.61,666,0.37,2.0,26,2,8,5,53557.27,0,0
42169.32,615,0.416,1.5,29,1,9,7,92515.1,1,0
23405.8,746,0.149,3.9,33,1,3,2,60590.64,0,0
34203.32,766,0.159,0.4,38,0,4,8,52877.81,0,0
38936.24,514,0.482,3.8,66,1,8,7,70923.79,0,0
83163.27,678,0.14,1.8,37,3,6,8,79477.27,0,0
58209.81,770,0.356,2.4,45,2,7,3,6449.49,0,0
20302.11,665,0.518,7.8,26,1,6,10,54616.94,0,1
57644.03,738,0.107,5.4,56,1,4,2,78693.15,0,1
40435.32,708,0.163,3.0,47,1,3,7,43712.03,1,1
34945.29,707,0.175,4.3,41,0,6,8,9286.37,1,0
66558.61,658,0.22,7.3,67,1,6,2,6667.6,0,1
82084.11,583,0.287,6.8,64,1,6,8,80415.81,0,1
78091.78,590,0.177,1.0,52,3,5,7,23817.19,0,1
32221.57,737,0.335,1.8,66,1,7,1,21617.09,0,1
41998.69,682,0.378,2.1,47,1,4,2,32508.26,0,0
57851.33,669,0.776,1.0,61,3,8,5,14705.98,0,0
79839.41,646,0.485,0.1,39,1,1,10,10062.22,0,0
38577.05,656,0.36,1.0,23,0,8,8,87864.56,0,0
44675.05,764,0.256,8.3,70,1,8,1,33764.44,0,1
28193.1,653,0.222,3.9,27,1,8,9,60327.24,0,0
26954.26,573,0.461,2.1,31,2,3,8,86491.08,0,1
73589.89,739,0.206,4.7,26,0,5,1,97858.68,0,0
96579.33,664,0.21,6.7,36,2,3,9,70406.58,0,1
47287.2,683,0.141,2.2,33,2,3,5,95265.59,0,1
80964.53,809,0.221,3.1,49,1,11,2,45234.56,0,0
58736.58,678,0.12,0.3,70,0,4,7,80006.7,0,0
35505.4,703,0.263,4.5,21,1,5,5,94072.26,0,0
58729.52,586,0.211,2.2,58,1,4,6,10050.14,0,0
105769.59,662,0.279,2.8,25,1,5,9,35157.61,0,1
48150.51,729,0.258,2.7,19,1,8,10,75324.08,1,0
107186.1,556,0.381,5.0,51,1,3,4,34950.64,1,1
20000.0,696,0.274,4.2,63,3,7,10,6618.08,0,0
73935.71,688,0.336,2.7,27,1,3,3,81667.4,1,0
51201.47,683,0.338,0.1,36,1,2,1,20648.67,0,0
42213.54,763,0.308,4.9,27,2,5,4,35482.53,0,0
51322.29,707,0.323,10.6,65,0,3,5,91504.68,0,0
20000.0,798,0.225,7.3,32,0,8,6,24841.71,0,1
43921.71,601,0.547,20.0,41,3,4,4,90002.18,0,0
58603.89,691,0.314,0.7,65,0,4,8,45141.95,0,0
102636.31,687,0.065,1.3,47,0,8,8,92222.53,0,0
37830.27,594,0.131,3.9,67,1,2,2,88300.94,1,0
32720.37,757,0.312,1.3,66,0,8,8,44448.17,0,0
38143.91,850,0.233,0.2,42,1,9,8,92577.88,0,1
77474.26,679,0.273,2.6,48,1,3,5,65108.48,0,1
57778.7,720,0.055,1.7,30,1,6,1,50183.44,1,1
37613.56,687,0.336,1.5,70,0,5,3,55415.62,0,1
63362.89,623,0.076,15.3,32,3,7,5,11013.55,0,1
51458.9,534,0.52,1.4,59,0,4,8,81721.14,0,0
79564.44,624,0.173,0.7,34,1,3,4,32784.32,0,0
34508.93,569,0.304,0.7,34,3,5,7,30666.02,1,0
41613.04,816,0.136,8.2,23,1,6,3,72962.85,0,0
40293.52,671,0.03,6.3,47,0,5,7,40226.75,0,0
23582.08,652,0.125,0.7,31,0,4,8,53845.51,0,0
56843.67,751,0.22,1.2,26,3,4,7,45049.52,0,1
55855.74,590,0.055,6.9,30,2,6,1,52940.36,1,1
49146.29,619,0.662,1.6,31,3,1,9,26106.42,0,1
43595.38,685,0.26,20.0,44,1,3,7,89068.9,0,1
24156.64,762,0.157,3.9,38,1,8,9,62966.78,1,1
39722.67,720,0.436,1.1,22,0,3,10,27202.3,1,1
41301.03,700,0.219,9.8,46,3,4,5,13696.21,1,1
32822.23,686,0.37,1.9,59,1,4,8,55869.47,1,1
45222.82,712,0.112,1.7,48,1,7,9,49471.35,0,0
59995.54,696,0.447,2.0,69,1,12,3,93586.55,1,0
125881.08,598,0.133,7.3,23,0,2,7,26916.52,1,1
53492.08,684,0.254,1.0,61,1,6,7,88752.5,0,0
55757.95,594,0.251,2.4,44,1,8,8,77816.96,1,1
47229.64,686,0.495,0.2,45,0,2,2,50267.93,0,0
20000.0,642,0.291,8.8,45,0,2,1,88008.39,0,0
48375.22,850,0.309,2.1,35,1,6,5,86878.51,0,0
50519.52,677,0.415,1.4,35,1,1,6,72870.06,0,1
167983.5,568,0.118,4.3,51,0,5,5,14647.35,1,0
44525.6,669,0.211,6.1,20,0,5,8,20218.16,1,1
56998.13,722,0.436,8.4,49,3,4,2,61202.05,1,1
48177.34,814,0.345,2.1,56,0,3,7,28314.84,0,0
27327.83,633,0.224,8.4,37,0,4,2,57360.89,0,0
86804.3,553,0.392,3.1,29,1,6,7,58274.54,0,1
71393.81,745,0.173,0.5,29,0,7,6,60773.98,0,1
72803.26,570,0.175,9.4,22,1,3,7,59134.95,0,1
31110.67,645,0.15,4.0,23,2,6,8,41029.57,0,0
98853.79,659,0.328,4.6,27,1,4,8,24973.27,0,0
24320.49,674,0.167,13.9,19,2,5,2,54261.57,0,1
65737.75,735,0.507,4.1,32,3,8,8,52040.63,0,1
146565.52,625,0.765,0.0,34,0,8,7,31143.4,0,1
29873.64,658,0.143,10.2,70,1,10,6,9862.41,1,0
36932.65,679,0.226,1.7,70,1,8,6,24529.08,0,0
51525.17,692,0.383,3.5,28,1,7,5,57324.25,0,0
38111.15,688,0.328,1.1,29,2,4,7,55883.83,1,1
22576.58,715,0.201,1.8,44,2,2,2,17695.75,0,0
50730.44,748,0.327,5.8,26,1,5,9,62574.96,0,1
28820.67,711,0.37,2.8,44,0,10,7,45151.71,1,0
62118.32,716,0.383,4.9,39,0,6,9,67098.68,0,0
30954.94,553,0.536,8.7,35,1,7,10,89360.49,0,1
106400.68,684,0.398,2.1,61,0,3,8,34312.01,0,0
33135.93,718,0.22,4.2,61,2,10,2,37994.2,1,0
41729.74,738,0.146,7.5,69,1,6,6,69297.36,0,0
73626.38,625,0.22,6.3,30,1,3,5,95169.77,0,1
26491.2,627,0.313,3.9,64,1,7,6,51181.67,0,1
54925.33,634,0.073,2.4,46,2,3,1,21082.22,0,0
94237.3,723,0.249,2.6,49,2,7,6,93825.48,0,1
21944.21,763,0.614,2.8,65,2,6,8,49628.84,1,1
53761.72,647,0.788,2.1,67,1,2,7,48766.45,0,0
55823.01,753,0.309,6.0,56,0,7,8,56281.8,0,1
72468.8,690,0.075,0.7,36,1,4,5,28987.92,0,0
26410.7,670,0.354,17.1,43,1,0,3,79545.87,0,1
25330.68,663,0.067,7.5,50,3,4,8,65899.14,0,1
63638.3,740,0.2,1.8,61,1,6,9,95712.68,0,1
56868.24,706,0.318,0.2,52,1,9,2,24369.37,1,0
55561.54,850,0.374,6.2,37,2,2,5,63817.77,0,0
58292.23,612,0.537,6.6,40,1,8,8,54080.24,0,0
34891.12,721,0.071,16.6,21,1,2,6,90001.62,0,1
55057.14,638,0.263,1.5,66,0,8,1,7884.85,1,0
56757.11,610,0.182,0.4,23,0,6,2,77276.08,0,0
34297.38,679,0.388,12.3,48,2,5,2,64190.67,0,0
124602.91,691,0.109,1.5,63,2,5,8,62717.17,0,0
62125.79,850,0.088,6.4,40,1,2,9,88155.54,1,1
27020.42,665,0.279,0.3,60,1,7,4,61030.82,1,0
68068.97,590,0.043,7.1,60,1,3,1,73012.66,0,0
30111.4,702,0.456,0.7,21,1,6,2,66342.2,1,0
72659.71,514,0.356,5.9,39,0,4,9,11602.95,0,1
87491.58,673,0.254,3.8,54,2,2,9,15718.85,1,1
32521.57,681,0.189,15.6,40,1,3,9,37157.23,1,1
79355.11,744,0.268,0.2,46,1,5,8,69191.66,0,0
60257.99,758,0.259,1.7,49,0,9,9,7512.68,0,1
73941.54,640,0.525,0.4,26,1,5,8,78396.57,0,1
126550.47,668,0.53,10.6,39,0,6,1,24285.93,0,1
43360.58,619,0.517,4.5,19,1,7,10,58154.36,0,0
33628.59,590,0.555,3.8,26,1,4,3,24109.9,0,0
31421.35,705,0.348,0.7,45,1,10,7,21716.96,1,1
32600.89,578,0.171,3.4,48,0,5,2,36748.17,0,0
47166.97,647,0.479,2.5,26,2,10,10,92543.33,0,1
58138.07,600,0.547,1.9,57,1,7,9,27595.27,0,1
56294.12,724,0.435,7.4,37,1,2,2,9609.68,0,0
74131.19,824,0.442,0.3,66,1,3,9,88813.21,0,1
49340.52,576,0.198,5.2,38,1,5,5,46698.42,0,1
101393.78,532,0.45,8.7,26,1,2,5,64000.35,0,1
42944.83,670,0.14,11.9,57,2,1,7,89148.94,1,1
191010.67,681,0.512,6.9,48,2,3,2,76786.71,0,1
67025.85,697,0.212,1.7,38,1,7,8,80667.98,0,1
31933.83,644,0.085,4.6,37,1,8,6,50608.88,0,0
28697.17,664,0.588,0.8,26,0,9,1,70297.49,0,0
62394.74,709,0.447,0.6,36,0,4,8,96557.83,0,0
43838.54,763,0.368,5.1,20,1,0,2,89529.96,1,1
70052.5,524,0.335,9.5,44,3,5,5,63180.61,0,0
62107.3,650,0.208,0.3,65,1,2,7,13110.39,0,1
47267.85,697,0.411,0.6,59,1,7,9,98071.64,0,0
32099.74,607,0.142,4.2,19,0,4,5,26421.26,0,0
22984.52,818,0.102,1.2,64,1,2,10,39271.98,0,1
39212.17,629,0.508,4.7,42,1,3,4,18333.5,0,0
75222.03,677,0.436,1.2,28,2,5,8,20828.27,0,1
54559.49,724,0.501,0.6,57,0,5,7,80598.93,0,1
26294.91,633,0.626,3.9,35,1,4,8,17185.43,0,0
53454.73,532,0.129,9.9,31,3,6,3,22990.67,0,1
59436.2,646,0.364,5.8,26,2,8,9,21291.65,0,1
31510.35,762,0.253,8.5,43,2,5,1,40167.73,1,0
52937.25,653,0.395,1.5,23,1,7,1,70995.19,0,0
50468.48,612,0.21,10.9,59,3,1,6,66164.51,0,1
27681.37,754,0.477,2.4,42,2,5,6,73846.07,1,0
58623.66,654,0.444,9.6,41,2,2,1,74047.13,1,0
64886.33,639,0.352,3.2,18,3,4,5,5285.07,0,1
84248.46,692,0.041,1.6,61,3,5,6,70031.28,1,1
83025.33,742,0.231,1.5,44,0,4,1,70034.4,0,0
24616.33,850,0.613,4.2,41,0,5,8,10900.62,0,0
30671.45,746,0.396,0.4,58,1,4,7,45576.52,0,0
63418.93,773,0.521,13.3,21,1,5,9,12471.48,0,0
63379.32,640,0.049,1.6,37,1,8,2,23128.85,0,1
63419.32,598,0.045,2.0,48,1,3,8,51526.33,0,0
200000.0,685,0.252,1.3,42,0,5,5,6141.15,0,1
65215.03,689,0.36,0.0,27,0,9,1,14025.0,0,1
86489.89,594,0.397,5.9,34,1,8,10,13067.52,0,1
78984.02,666,0.218,4.5,34,0,8,10,16831.69,0,1
67893.5,712,0.272,8.3,70,2,2,4,9729.33,0,1
41871.7,709,0.08,0.2,35,3,10,9,63147.32,1,1
71645.43,720,0.315,13.2,29,1,1,6,21966.69,0,0
33309.15,703,0.117,2.0,61,1,0,3,86947.29,0,0
43546.76,639,0.433,12.2,40,0,5,5,89056.02,0,0
38457.85,639,0.269,0.6,41,1,1,1,70648.21,0,0
51069.21,584,0.425,6.8,47,2,6,9,11170.82,0,1
155956.01,823,0.18,4.3,49,1,6,8,89702.36,0,1
20000.0,681,0.303,2.2,49,0,1,1,44775.0,0,0
69087.57,662,0.181,0.4,20,2,7,8,22205.88,0,1
21886.87,606,0.149,4.6,61,3,5,5,78983.98,0,1
38717.0,850,0.223,0.1,28,0,5,1,37935.86,0,0
84497.34,594,0.15,3.5,33,0,6,8,53076.9,0,0
50621.92,646,0.453,4.6,27,1,2,9,75588.86,0,0
28599.02,713,0.272,6.6,58,0,2,6,14606.43,0,0
34281.05,728,0.221,23.7,48,2,4,6,21107.61,0,1
68857.81,757,0.29,1.5,57,3,9,10,97013.18,1,0
34023.84,825,0.206,1.9,52,1,5,10,72786.74,0,0
54624.04,720,0.246,2.1,23,2,4,9,26956.94,0,1
50150.61,596,0.396,6.6,34,1,6,5,59509.7,0,1
35390.54,659,0.257,13.4,44,1,5,8,22858.83,0,1
143196.35,705,0.244,18.3,34,1,10,1,87218.96,1,1
67302.96,845,0.467,14.6,29,2,6,9,47618.44,1,1
20000.0,568,0.107,10.6,63,2,11,7,81652.73,0,1
53810.68,776,0.187,23.5,57,0,7,2,97332.02,1,1
35210.75,694,0.219,2.4,36,1,1,5,98183.12,0,0
75073.03,747,0.571,14.8,58,1,7,2,18073.54,1,1
32982.74,672,0.288,7.2,51,2,3,2,94756.57,1,0
46287.71,613,0.234,0.9,18,1,3,5,30677.49,0,1
63101.11,740,0.081,0.2,38,1,2,3,39164.12,0,0
75574.76,732,0.171,1.2,33,2,5,7,10984.29,0,0
26899.2,758,0.394,7.5,29,1,6,9,66331.76,0,1
41470.99,679,0.141,5.0,31,0,3,7,66191.14,0,0
38658.71,632,0.339,1.3,67,2,9,10,78818.7,0,0
35359.96,555,0.537,6.8,43,0,2,5,94894.71,0,1
118506.98,746,0.24,0.8,62,0,3,5,45675.83,0,1
60023.47,714,0.192,8.6,29,0,3,2,43706.25,0,0
26096.54,603,0.075,7.9,27,0,4,2,65715.92,1,1
77569.61,637,0.295,18.0,64,1,5,10,68403.98,0,0
141644.84,643,0.351,0.8,44,1,3,8,47298.02,0,0
82144.29,561,0.105,11.9,65,1,5,8,92336.19,0,1
22932.61,615,0.046,2.1,21,0,4,1,9956.45,0,0
38479.58,589,0.298,2.7,66,0,5,4,76858.16,0,0
92360.58,647,0.222,3.2,40,1,3,2,24754.58,0,0
34412.16,621,0.507,4.9,26,1,4,6,52056.29,0,1
61200.44,550,0.091,26.3,54,1,7,1,85891.83,1,0
72208.79,842,0.525,4.6,59,0,7,9,36312.55,1,1
30838.98,780,0.297,13.1,20,0,4,10,90470.05,0,1
47583.31,618,0.27,1.5,69,0,4,1,47814.92,0,0
20000.0,702,0.467,2.5,54,0,7,2,71761.5,0,0
29372.27,713,0.501,3.5,35,2,7,6,73654.69,1,1
43205.19,775,0.213,1.9,26,1,5,8,29777.28,0,0
26268.04,615,0.364,18.8,38,0,3,7,90562.47,0,1
110880.2,767,0.251,6.5,29,1,2,1,16838.06,0,0
23978.89,636,0.107,3.3,44,1,4,3,61056.76,1,0
39339.24,573,0.334,7.0,59,1,1,2,93255.8,0,1
52332.36,738,0.236,3.2,52,0,6,7,7944.37,0,1
100774.1,783,0.16,0.1,41,2,5,6,55468.85,0,1
23910.4,850,0.168,3.9,24,1,8,1,28411.6,0,1
87691.64,584,0.386,4.9,68,1,10,2,23283.39,0,0
49272.26,736,0.282,19.9,32,1,4,2,27207.82,1,1
30008.79,647,0.21,0.2,32,0,5,2,90755.28,0,0
61762.5,743,0.216,3.6,52,2,3,8,45424.01,0,1
54150.9,562,0.09,0.5,58,1,5,6,27410.09,1,0
36311.56,579,0.453,0.8,69,0,4,9,93117.96,0,0
50761.88,618,0.262,4.7,68,1,6,9,35553.65,1,1
40430.64,686,0.32,1.3,66,3,8,9,73729.32,0,0
51883.63,629,0.31,6.9,41,1,2,1,56031.39,0,0
68259.05,733,0.559,3.6,27,1,5,1,69520.75,0,0
108337.69,762,0.291,1.2,48,1,9,5,22354.24,1,0
26399.29,728,0.169,3.4,19,0,9,8,69460.1,0,0
142417.29,810,0.295,0.0,28,1,10,3,91053.04,0,1
20000.0,713,0.041,9.9,18,1,7,6,14585.98,0,0
45438.16,583,0.213,0.1,27,2,3,2,36020.4,0,0
65785.75,789,0.368,0.0,43,1,3,8,97397.42,0,0
56415.31,632,0.159,4.7,38,1,7,8,26393.66,1,0
35905.66,753,0.553,18.2,37,2,3,8,10657.9,0,0
44176.09,806,0.115,9.7,61,2,10,5,10230.6,0,1
38311.28,717,0.392,1.5,53,1,5,2,31153.43,0,0
36509.13,560,0.199,1.1,67,0,5,8,52012.96,0,0
74966.83,607,0.625,4.9,41,2,5,9,30538.6,1,1
58601.04,786,0.295,8.6,32,0,4,2,31685.78,1,1
34667.06,666,0.129,2.2,24,0,4,8,83985.43,0,0
76864.54,686,0.46,2.8,53,1,5,4,77859.32,0,0
57162.29,741,0.342,0.6,62,1,6,8,34530.39,0,1
73602.26,736,0.43,0.8,28,2,7,7,37764.32,0,1
67158.74,702,0.437,4.2,64,1,3,6,97118.94,1,0
32386.68,663,0.185,0.5,45,0,5,5,95264.79,0,0
37045.77,655,0.681,1.1,25,1,4,7,97444.42,0,0
71228.39,749,0.51,1.3,51,1,6,8,94223.99,0,1
66515.16,724,0.443,2.9,45,2,3,8,64668.27,0,0
48511.16,659,0.258,0.2,19,1,2,1,34290.97,1,0
51982.57,767,0.098,3.5,39,0,8,3,97102.13,0,0
92858.53,670,0.051,13.2,59,1,3,2,75567.74,0,0
36468.87,612,0.09,0.1,47,0,8,8,72568.38,0,1
64443.79,619,0.177,5.0,33,0,4,1,80773.83,1,0
44307.25,602,0.219,9.0,66,2,3,2,61854.47,0,0
43965.45,658,0.191,1.9,30,1,3,7,60409.68,0,0
84913.5,779,0.485,0.7,31,1,7,8,39326.51,0,1
74065.73,616,0.373,0.2,36,1,1,7,19320.07,0,0
73626.1,695,0.559,5.2,65,1,6,9,46659.99,0,1
94158.93,627,0.178,4.0,44,0,7,9,54150.61,0,0
49538.33,659,0.362,1.3,53,0,6,7,88391.96,0,1
68938.94,559,0.563,8.9,69,0,6,5,43152.05,0,1
41976.56,662,0.558,6.6,59,3,1,3,88886.79,0,1
57646.41,665,0.02,1.6,27,2,5,3,35164.19,0,0
45932.51,723,0.152,7.0,59,1,0,5,94744.34,1,0
51456.8,698,0.057,1.4,57,0,5,2,8698.86,1,1
66011.12,584,0.302,5.6,30,0,5,3,54906.59,0,0
32561.62,767,0.375,0.6,35,2,5,8,35551.2,1,1
139552.15,697,0.196,5.9,55,3,9,1,32969.24,0,0
29643.3,696,0.448,1.4,30,0,8,10,12542.29,0,0
26713.0,679,0.226,4.2,29,3,3,5,69722.4,0,1
87470.37,639,0.144,0.9,55,1,3,2,42292.13,0,1
72826.22,697,0.271,6.5,64,0,8,9,95160.04,1,0
66974.01,718,0.065,0.3,22,0,8,9,72680.25,1,0
67115.67,540,0.378,0.9,41,2,8,7,47074.65,0,1
48721.54,637,0.59,1.0,50,1,3,7,64593.29,0,1
31299.98,660,0.475,0.2,53,2,0,4,11270.11,0,0
50914.46,700,0.398,6.8,70,0,5,1,60968.13,0,1
34941.1,775,0.424,19.8,53,1,5,8,68284.22,0,0
79822.43,618,0.243,7.5,50,0,3,3,15085.62,0,1
45545.69,640,0.404,9.9,69,0,9,9,69830.85,1,0
32443.37,639,0.188,0.0,21,0,11,8,50030.7,1,0
41743.84,616,0.224,0.6,22,2,2,7,50563.64,0,1
60262.53,652,0.373,4.1,47,1,5,8,73739.87,0,1
36980.19,742,0.234,19.1,37,0,8,3,47731.65,0,1
32496.57,596,0.276,5.4,23,1,4,1,27262.99,0,1
55372.79,714,0.195,2.3,34,2,1,7,33336.97,0,1
55408.22,544,0.469,0.8,53,0,6,6,75143.37,0,1
38045.13,635,0.305,0.8,64,3,9,5,11744.59,1,1
38734.3,654,0.481,2.3,23,3,6,1,84878.42,0,0
55051.53,814,0.111,6.3,46,1,4,5,60309.34,0,1
23764.73,658,0.175,0.2,33,1,6,5,74062.23,1,1
24252.33,504,0.295,9.6,53,1,5,3,37650.34,0,0
34227.27,520,0.412,14.2,47,0,5,8,26160.49,0,1
44058.63,683,0.236,11.0,66,1,4,8,81434.69,0,1
57265.51,729,0.597,12.2,20,0,7,8,14709.81,1,1
102506.15,710,0.121,0.1,42,3,4,8,20756.13,0,1
75269.46,693,0.296,19.0,28,2,2,2,32067.5,0,1
45253.29,773,0.539,2.3,46,0,4,2,38366.16,0,0
48556.92,637,0.61,10.2,62,1,5,9,24347.27,1,1
29695.04,752,0.228,1.0,65,1,2,1,91699.81,1,0
48569.13,549,0.076,3.0,39,2,1,7,7582.01,0,0
42432.53,608,0.273,0.2,60,1,6,3,81329.29,1,0
57604.69,535,0.097,0.2,33,1,9,8,44051.63,0,1
32415.26,658,0.258,14.3,18,0,7,9,84430.77,0,0
63555.78,676,0.293,8.3,62,1,6,10,80616.69,0,1
105489.79,689,0.161,3.8,24,0,6,8,16498.55,0,1
46426.23,685,0.342,3.7,19,0,5,7,68309.43,0,0
59925.41,606,0.358,6.9,36,1,5,10,40952.41,0,1
69221.86,665,0.327,2.1,38,1,5,6,82996.21,0,0
40110.35,560,0.359,7.2,22,3,3,9,85846.77,0,1
54832.93,789,0.259,3.3,60,1,3,3,22959.39,0,0
49330.42,656,0.252,5.1,39,1,8,4,50471.6,0,0
51474.31,641,0.227,16.7,43,3,5,1,61468.36,0,0
33306.08,807,0.284,3.2,32,2,4,7,56687.23,0,0
49625.25,581,0.128,2.7,45,1,2,9,28918.23,1,0
62880.99,590,0.377,11.8,58,1,4,2,30886.66,1,0
101272.66,592,0.301,11.6,65,3,10,5,86528.19,0,1
79192.38,675,0.191,24.4,68,1,1,8,8106.52,0,1
143859.33,715,0.14,4.0,40,2,5,7,29924.49,0,0
33400.5,739,0.073,2.1,69,0,2,10,26192.09,0,0
75823.25,850,0.249,1.4,33,2,3,4,40213.46,0,1
53727.0,500,0.22,0.2,18,0,4,6,70179.73,0,0
146517.69,729,0.535,6.5,58,0,4,8,55564.75,0,1
32723.57,635,0.138,1.3,27,2,8,8,56359.81,0,1
32213.44,633,0.183,4.7,21,1,3,2,74472.33,0,0
36326.53,630,0.059,12.4,66,1,2,9,82155.26,0,1
20000.0,607,0.325,15.0,59,1,5,7,20188.08,0,0
37688.96,815,0.189,0.0,23,0,4,8,15262.9,1,0
33537.98,747,0.339,1.9,58,0,5,2,33615.79,0,0
52849.15,682,0.247,9.1,62,1,6,7,83617.56,0,1
58155.63,788,0.387,3.8,65,0,4,3,56465.64,0,0
125252.3,559,0.442,8.2,46,1,6,8,18568.44,0,1
78842.85,574,0.168,9.6,55,2,6,2,20555.09,0,0
36737.31,506,0.292,2.9,58,0,1,8,90335.56,0,1
31281.83,624,0.164,2.2,54,0,2,8,39862.03,0,0
62690.15,693,0.569,3.0,52,3,2,7,29251.53,0,0
25333.51,688,0.334,5.3,46,2,3,5,70905.32,0,1
122483.23,692,0.162,2.3,43,0,5,10,86774.52,0,1
88408.2,567,0.259,7.5,70,0,7,9,47028.95,0,0
38770.39,744,0.198,11.7,36,1,1,3,80157.56,1,1
20815.07,699,0.532,1.7,23,1,3,8,45853.52,0,1
96465.06,739,0.09,16.8,58,2,3,2,70685.27,0,1
46292.26,529,0.32,4.9,29,1,5,2,59607.69,0,1
91026.7,705,0.37,10.5,46,3,7,6,89972.45,0,1
22087.92,585,0.458,0.5,23,1,7,8,35879.88,0,0
36326.85,648,0.061,1.4,50,0,5,4,78189.83,1,0
49149.49,723,0.444,1.9,67,1,6,8,69974.05,0,1
50185.95,687,0.257,1.8,56,1,6,9,84688.26,1,0
39142.62,612,0.086,0.9,29,0,3,4,62716.35,0,0
66931.5,681,0.184,10.1,68,0,6,9,48713.13,1,0
28744.16,557,0.288,2.7,34,0,5,2,9698.14,0,0
45652.35,772,0.357,16.5,41,1,5,8,84771.35,0,1
52059.77,664,0.278,4.4,44,1,5,3,91443.78,0,0
63400.02,769,0.379,0.7,70,0,5,10,47717.06,0,1
69968.99,638,0.322,3.9,22,1,4,5,26114.94,0,0
27936.21,638,0.547,25.2,54,1,11,1,66479.77,0,0
22764.17,619,0.27,4.2,37,3,4,3,16561.54,0,0
92859.09,750,0.517,0.0,22,2,8,7,8880.46,0,1
57881.73,623,0.137,13.5,67,3,4,4,32560.07,1,1
33716.98,732,0.186,1.3,49,3,5,4,69591.73,0,1
106465.47,649,0.192,5.8,57,1,5,8,82349.31,0,1
51939.63,522,0.506,3.6,31,1,6,8,19901.21,0,0
88401.89,634,0.098,2.0,58,0,2,7,94884.17,0,0
50703.96,586,0.263,1.7,61,1,6,1,57447.26,0,0
137361.85,683,0.008,13.2,40,0,9,8,92899.54,0,1
117909.24,585,0.26,12.1,48,1,8,8,19229.99,1,1
43283.12,754,0.173,3.6,69,0,5,7,48507.68,0,0
79680.92,673,0.038,1.5,62,0,9,3,45926.87,0,0
67689.61,666,0.36,0.5,41,0,6,4,44110.8,0,0
97179.57,732,0.411,0.9,53,3,3,5,93424.88,0,1
30258.68,757,0.316,3.7,59,0,8,8,85694.12,0,1
69080.36,678,0.085,1.8,19,2,3,3,80456.37,0,0
83217.44,618,0.389,0.2,49,0,3,2,32181.77,0,0
20345.81,538,0.329,3.0,69,1,6,5,37208.99,0,0
27129.33,625,0.191,6.9,67,1,6,1,29633.77,0,0
20000.0,631,0.482,11.1,61,1,3,3,80380.92,0,1
42842.96,689,0.185,4.4,24,3,3,9,42318.52,0,1
70176.67,652,0.197,6.4,70,0,7,7,97975.27,1,1
103899.41,735,0.32,2.3,50,0,4,3,39610.05,1,1
50870.95,631,0.348,3.4,30,1,4,10,21129.65,0,1
110669.97,675,0.281,6.5,53,2,7,9,93336.15,0,1
24586.41,775,0.464,6.5,63,3,4,5,79357.48,0,1
20916.82,707,0.057,2.8,24,2,8,1,60407.53,0,0
47678.04,675,0.67,3.9,66,1,4,8,86551.67,1,1
59399.0,632,0.682,12.9,66,1,6,2,95197.35,1,1
48225.95,629,0.363,5.0,19,1,2,7,86830.27,1,0
20000.0,612,0.334,5.1,65,1,6,7,90929.32,0,0
46884.39,637,0.206,7.7,67,0,6,7,30767.65,0,1
25533.98,740,0.123,0.6,20,1,4,8,53530.65,0,1
68516.94,662,0.444,3.7,33,0,7,10,80552.77,0,1
58882.49,572,0.154,16.0,37,1,2,4,54971.89,1,1
30639.95,821,0.137,2.2,36,0,6,7,65974.76,0,1
37913.65,706,0.662,1.7,57,1,6,1,92670.24,1,0
28865.24,567,0.101,4.6,37,1,8,3,33057.69,1,0
47508.34,645,0.152,1.2,68,0,3,5,56243.57,0,0
79029.08,689,0.311,4.1,70,0,4,2,58536.19,0,1
29945.58,816,0.228,0.8,34,0,4,2,39156.02,1,0
63071.44,591,0.445,4.3,44,0,5,5,39985.93,1,0
37604.21,758,0.215,4.6,47,0,2,1,78058.7,1,0
32976.93,792,0.179,2.7,48,2,0,1,93303.9,1,0
46466.4,630,0.044,2.4,37,1,3,4,65204.79,1,0
29213.28,658,0.393,1.4,27,1,5,3,51354.67,1,0
37166.96,597,0.571,2.0,21,1,5,6,76284.15,0,0
26931.75,664,0.359,3.4,24,2,10,10,99791.87,0,1
130922.73,677,0.449,1.4,65,0,7,8,12828.15,0,0
49892.79,733,0.042,7.6,33,2,5,1,66900.37,0,0
34549.12,767,0.301,6.2,22,3,3,1,57830.27,0,1
54556.38,620,0.174,1.6,50,0,8,9,62973.42,0,0
46343.48,523,0.54,0.5,22,1,1,1,7167.87,1,0
43893.22,678,0.806,0.0,22,0,10,5,95789.02,0,0
66641.54,703,0.097,4.5,50,0,1,2,13112.91,0,0
71593.09,700,0.282,1.2,49,0,4,9,34210.0,1,1
37599.63,654,0.512,0.1,20,2,6,1,33338.28,0,1
36757.25,690,0.034,2.2,42,1,5,2,74645.78,0,0
42722.21,801,0.124,16.4,41,1,7,6,68739.02,0,1
20000.0,711,0.55,5.9,46,1,8,8,10863.91,0,1
22980.57,650,0.571,9.8,56,1,3,7,19222.34,0,1
97094.22,640,0.077,0.8,33,1,5,2,35284.55,0,0
111578.52,666,0.343,0.4,41,2,8,3,71889.88,0,0
43281.56,811,0.229,0.1,59,1,7,9,93277.34,0,1
65400.06,665,0.157,15.6,66,1,9,8,34970.05,1,1
57275.32,678,0.428,1.8,64,1,2,8,54929.53,0,0
200000.0,641,0.11,3.1,43,3,8,10,40398.0,1,1
85801.13,768,0.097,2.5,45,2,3,1,59848.93,0,0
45983.65,837,0.257,6.6,46,0,4,6,64657.58,0,1
30400.97,716,0.334,1.9,63,1,2,7,54238.01,0,1
21955.59,687,0.52,3.8,62,0,7,1,41957.13,0,0
54270.27,683,0.151,27.1,34,3,2,2,88579.38,0,1
33584.66,489,0.159,2.9,26,1,4,1,81182.17,1,0
24073.65,740,0.209,4.0,38,0,4,7,99848.53,0,1
35479.61,691,0.197,3.5,33,1,4,7,44205.82,0,1
28544.68,714,0.383,8.1,67,1,6,2,8680.63,0,0
113956.36,623,0.306,1.6,32,1,8,5,66880.21,0,1
76177.38,649,0.085,0.9,27,0,1,9,79425.55,0,0
48825.78,647,0.311,7.0,65,0,2,10,93994.51,0,1
102741.57,762,0.102,2.7,22,0,2,6,5984.58,0,1
50954.29,650,0.428,12.3,32,0,1,10,88560.29,0,1
31868.01,847,0.04,5.2,41,1,4,7,54090.12,0,0
104983.87,714,0.53,4.2,49,2,8,2,40607.69,0,0
64180.52,578,0.096,0.4,35,0,2,4,26084.01,0,0
29184.03,670,0.343,6.6,44,0,2,5,82341.77,0,1
44570.64,628,0.385,5.8,28,2,5,7,39555.33,0,0
31640.43,504,0.112,5.1,48,2,3,9,62432.91,0,0
24553.27,808,0.402,1.6,39,1,4,7,53608.34,0,1
77892.8,736,0.388,14.7,62,0,6,3,29999.7,0,0
127351.76,723,0.139,1.9,40,2,7,4,79839.33,1,0
24360.45,693,0.488,0.8,41,0,7,6,33326.51,0,1
64957.25,569,0.244,21.8,49,3,2,10,79794.97,1,1
35407.49,641,0.068,6.9,24,2,7,5,43906.41,0,1
38423.99,747,0.177,2.7,26,1,2,4,7858.1,0,0
36453.87,596,0.217,13.7,59,0,3,3,77905.6,0,1
31824.91,477,0.129,0.5,32,0,4,6,90431.06,0,0
50224.63,662,0.077,0.5,54,3,1,1,16379.79,1,0
32355.04,669,0.192,5.7,23,2,3,5,60597.31,0,0
56118.93,691,0.355,1.0,61,1,9,8,11816.97,0,0
47804.78,738,0.375,12.5,69,0,0,9,83839.32,0,1
43500.42,731,0.135,9.2,37,1,2,3,98856.1,0,1
31139.06,701,0.098,1.8,44,3,6,3,52024.28,0,0
36739.74,776,0.2,11.0,41,2,3,7,34772.78,0,1
71517.37,558,0.266,0.2,64,0,5,1,85346.18,0,0
62972.83,720,0.08,4.0,19,1,6,10,54474.02,0,1
30068.17,730,0.212,13.7,52,0,2,2,47657.44,1,1
51516.95,581,0.242,9.7,52,3,6,1,26641.72,0,1
71374.33,560,0.287,2.2,38,1,7,6,63521.69,0,0
21275.2,620,0.242,1.0,29,2,8,8,62600.17,0,1
64323.49,627,0.604,1.2,30,0,5,3,29969.27,0,0
35196.01,740,0.424,3.6,60,0,5,7,25083.96,0,0
65205.52,631,0.726,4.5,21,1,8,5,46663.77,0,0
33468.85,611,0.105,0.2,47,2,8,4,47827.53,0,0
20000.0,631,0.071,2.7,34,0,8,10,17199.06,0,1
21725.21,769,0.267,8.9,32,1,5,1,31225.57,1,0
50213.66,681,0.121,2.9,44,1,5,9,20233.45,0,1
55818.53,666,0.333,0.9,65,2,5,4,90637.3,0,0
31189.65,671,0.182,15.5,50,1,5,4,12062.11,0,0
67460.41,783,0.076,1.5,59,0,5,8,88482.08,0,0
21359.25,620,0.362,8.0,49,1,7,9,55149.0,0,0
47427.62,785,0.62,1.1,54,2,6,3,68205.53,0,0
26755.41,697,0.235,2.8,40,2,2,5,92708.72,1,1
35386.37,667,0.232,3.4,66,1,2,5,39711.73,0,0
50196.44,850,0.333,3.5,44,3,2,2,71748.75,0,0
31881.89,596,0.336,3.6,47,0,4,2,68811.2,1,0
40445.97,652,0.552,1.3,45,1,4,1,98892.96,0,0
81076.34,581,0.244,3.6,34,2,5,7,9374.59,0,0
36737.53,756,0.623,3.3,30,0,11,6,48266.42,0,0
74447.25,815,0.428,1.2,22,3,5,2,99007.73,0,0
27865.55,814,0.099,22.2,55,1,6,7,36148.17,0,0
63888.97,778,0.161,10.0,33,1,3,2,96738.08,0,1
100788.98,664,0.166,10.9,38,0,4,5,82588.3,0,0
20000.0,651,0.706,5.8,66,0,7,8,37235.71,0,0
32910.68,546,0.184,0.9,47,1,7,9,7765.06,0,0
65416.91,843,0.465,4.2,23,1,4,10,31632.72,0,1
44288.37,718,0.104,8.6,60,0,6,8,16753.49,1,1
59016.53,641,0.292,0.2,31,2,5,2,45703.51,0,0
36243.21,786,0.205,3.4,47,0,4,7,94254.62,0,0
51189.77,602,0.58,2.5,45,2,1,6,53698.65,1,0
45349.82,713,0.096,1.2,30,0,6,4,47513.28,0,0
87894.37,666,0.112,2.4,24,1,4,8,25496.96,1,1
55670.76,731,0.112,20.5,29,1,4,8,64036.44,1,1
58034.99,675,0.153,6.4,23,1,6,5,48260.51,0,1
39897.2,564,0.209,1.8,32,2,3,3,78408.04,0,0
38414.75,686,0.319,4.6,70,3,2,7,54031.59,0,1
39486.77,764,0.382,1.4,39,1,4,8,89224.73,0,0
59708.29,678,0.149,4.7,63,1,8,3,79386.36,0,0
39715.93,742,0.247,11.3,47,1,7,6,18781.2,0,1
56663.61,596,0.581,4.1,53,3,7,9,17920.15,0,1
138371.92,678,0.561,6.6,26,2,3,8,7313.34,1,1
75777.93,630,0.065,3.0,32,1,0,6,40055.95,1,1
41647.15,740,0.087,3.7,45,1,5,9,10188.78,1,0
89375.95,683,0.124,5.9,64,0,6,6,47745.4,0,0
39973.11,735,0.321,8.4,20,2,5,4,27928.62,0,0
20000.0,767,0.227,5.4,44,2,7,6,52332.64,0,0
29612.65,735,0.133,19.0,21,3,6,3,20038.73,0,1
20000.0,702,0.294,8.6,42,1,6,1,57173.07,0,0
41119.73,600,0.571,7.5,51,1,9,4,96811.18,1,0
49474.33,680,0.07,9.3,57,1,7,9,65537.06,1,1
113348.07,637,0.257,1.7,25,1,7,9,58617.01,0,1
57726.04,652,0.179,2.8,27,1,2,5,79864.37,0,0
43934.26,650,0.453,4.2,42,2,6,8,5528.88,0,0
74213.61,602,0.076,3.1,70,0,7,3,31833.99,0,0
20000.0,523,0.198,9.4,37,0,4,5,98762.9,0,1
55149.74,627,0.471,0.1,40,2,10,1,79348.81,0,1
72072.84,695,0.195,1.2,40,3,7,7,13575.39,0,1
23405.05,572,0.287,10.7,22,1,4,9,36013.7,0,1
86844.72,681,0.072,0.3,58,2,9,1,46787.1,1,0
58060.93,832,0.237,1.3,31,2,9,4,93785.48,0,1
39829.22,762,0.302,2.2,55,1,3,5,60687.77,0,0
67264.7,811,0.382,6.9,43,0,4,1,12336.43,1,1
152565.06,711,0.104,4.1,50,3,7,9,53361.96,0,0
53687.37,773,0.254,15.5,21,3,5,3,32491.78,0,0
55498.45,622,0.323,1.3,64,1,7,8,37176.64,0,0
38961.12,628,0.252,10.3,31,0,7,6,15855.58,0,1
32050.81,461,0.185,1.7,53,2,2,8,48581.79,0,1
74248.13,775,0.115,1.4,59,2,3,2,68601.06,0,0
31950.98,803,0.281,3.4,46,0,2,2,77157.33,0,0
50806.68,636,0.324,0.4,36,0,4,5,71061.75,1,0
38606.32,660,0.405,2.4,69,3,1,7,67748.77,0,1
62285.87,620,0.133,2.2,32,0,3,8,87575.62,0,1
57920.75,711,0.405,0.9,67,0,4,7,36575.25,0,0
82352.98,770,0.074,9.9,26,1,3,9,25386.43,0,1
37986.72,541,0.108,2.4,38,0,8,8,13496.65,0,0
42832.93,713,0.419,20.1,25,0,2,1,20742.1,0,1
30050.01,658,0.236,11.5,18,1,6,3,19192.21,0,0
39255.76,689,0.373,1.1,32,0,7,1,91687.21,0,0
59198.43,717,0.541,3.5,23,2,5,5,22149.11,0,1
71574.51,665,0.405,4.6,69,1,3,5,13924.72,1,1
30912.54,672,0.142,8.5,58,0,9,9,43023.97,1,1
75720.41,663,0.263,10.8,18,1,8,9,21113.02,0,1
96550.26,758,0.716,4.9,30,0,6,2,17403.97,0,0
60277.7,714,0.125,0.2,53,0,3,7,39428.86,0,0
125291.45,698,0.464,3.3,39,2,0,8,92341.47,0,0
33293.1,578,0.26,10.8,61,0,10,3,7891.22,0,1
26309.17,650,0.674,6.3,44,1,4,1,24733.1,0,0
20143.56,752,0.261,10.2,52,2,2,1,83301.57,0,0
103571.98,683,0.24,5.6,49,1,4,5,28297.38,0,1
67994.55,733,0.31,0.2,51,1,8,8,46903.72,1,0
47677.16,821,0.494,17.2,30,2,1,6,14361.51,0,1
56386.46,763,0.248,12.5,37,2,3,9,80541.55,0,1
27924.38,687,0.207,0.7,21,2,5,10,74963.8,1,1
166520.88,639,0.501,0.6,49,1,3,9,17166.05,1,1
52292.62,476,0.224,3.9,42,3,3,5,95056.44,0,0
51776.8,667,0.363,7.1,58,2,4,7,61109.21,0,1
70465.84,654,0.128,2.4,29,1,2,6,80824.99,1,0
62349.11,711,0.163,0.7,41,1,3,9,77560.93,0,0
54827.22,668,0.377,3.6,27,0,7,5,54311.93,0,0
33016.5,654,0.142,2.1,50,1,5,1,76011.7,0,0
62052.38,538,0.102,2.2,62,0,5,8,27590.78,0,1
125619.43,605,0.313,5.2,58,0,5,2,7020.07,0,0
96058.25,718,0.698,10.8,67,0,8,4,37497.23,0,0
108726.77,817,0.172,4.1,69,1,8,9,19487.76,1,1
37963.94,672,0.333,5.8,58,1,4,7,98202.67,0,0
29887.56,706,0.383,5.4,33,1,11,8,92744.39,0,1
46032.67,756,0.165,4.0,29,1,3,7,18693.09,1,1
50405.85,615,0.116,1.9,41,2,7,2,37679.04,0,0
84719.05,709,0.16,2.4,70,1,7,2,53385.09,0,1
21031.31,621,0.205,1.9,39,1,5,2,42879.25,0,0
105321.74,749,0.393,12.5,28,0,3,2,71501.78,0,0
45297.0,692,0.116,8.8,67,2,9,1,52834.25,0,0
39599.01,704,0.543,4.3,38,1,6,9,58700.0,0,0
29553.21,617,0.234,12.2,54,2,5,10,69375.76,0,1
21430.53,737,0.247,10.9,59,0,5,9,7248.43,1,1
73982.61,847,0.263,13.1,62,1,8,9,6180.43,1,1
50851.2,599,0.271,1.3,61,0,3,1,21921.77,1,0
25719.88,653,0.373,6.3,61,0,6,7,73238.98,0,0
25654.15,699,0.27,4.7,53,1,5,7,27840.03,0,1
41444.38,743,0.467,6.6,39,2,5,8,92416.8,0,0
112928.57,635,0.32,1.5,53,1,6,4,12457.24,1,0
43053.74,453,0.215,5.9,62,1,7,5,60091.33,0,1
23119.43,789,0.278,2.6,36,2,5,3,7426.98,0,0
43352.88,741,0.178,9.0,33,0,4,2,97345.56,0,0
42771.97,541,0.292,7.9,36,1,4,3,25298.63,0,0
20000.0,631,0.12,1.2,47,1,5,10,60825.53,0,0
47707.91,805,0.299,1.0,21,1,0,6,95540.26,0,0
43675.07,796,0.194,6.3,59,1,7,9,7884.68,0,1
69432.0,755,0.345,4.0,25,0,5,5,53709.79,0,0
123559.49,666,0.173,4.1,25,1,3,3,55037.76,0,1
86101.53,687,0.398,7.0,28,3,0,9,38391.09,0,0
42854.06,670,0.6,9.7,48,3,12,10,67182.51,0,1
28190.41,770,0.31,1.4,33,1,6,7,56540.35,1,1
177491.84,610,0.328,4.1,37,1,1,7,28668.42,0,0
50493.97,616,0.142,8.8,66,0,5,7,72004.41,0,1
49363.41,761,0.262,10.3,62,1,3,8,49286.25,0,1
48433.04,676,0.192,1.7,62,2,4,9,49679.5,1,1
54124.51,790,0.363,0.5,48,1,5,4,95432.43,1,0
45607.15,626,0.253,1.3,63,2,4,6,55828.07,0,0
36796.9,676,0.56,14.5,58,1,4,7,79542.44,0,0
37293.36,606,0.546,3.1,68,1,7,9,87401.76,0,0
48224.54,681,0.311,2.7,21,0,6,5,60169.33,0,0
37357.45,562,0.023,0.1,19,2,7,2,79705.55,0,0
34323.21,641,0.323,0.3,27,3,5,6,34406.54,0,1
51700.11,565,0.247,5.5,66,1,4,8,22282.97,0,0
43153.18,736,0.174,4.5,49,0,5,8,71076.2,1,0
103984.43,737,0.477,4.3,40,3,3,10,92988.31,1,1
20000.0,542,0.073,0.6,45,0,7,7,9037.2,0,0
84605.4,787,0.27,2.2,61,1,6,3,77490.48,1,0
91403.82,850,0.251,8.4,66,0,3,8,7697.89,0,1
20000.0,684,0.058,1.0,56,0,5,5,48567.22,1,0
41301.59,629,0.332,10.7,58,0,7,6,69333.02,1,0
40712.06,850,0.24,0.6,35,1,5,2,43503.92,0,0
24251.75,574,0.379,0.9,42,1,7,2,33590.31,0,0
33226.12,682,0.071,3.2,64,1,5,1,22749.46,0,0
28133.38,694,0.323,14.5,59,1,4,3,97897.81,0,0
117728.36,788,0.407,2.0,54,1,2,7,59180.02,0,0
78263.7,709,0.432,5.4,21,2,4,1,17145.23,0,1
92575.29,640,0.054,4.4,20,3,6,1,9574.26,0,1
70321.72,604,0.14,0.8,25,0,5,8,28122.12,0,0
27874.68,653,0.19,1.4,48,0,6,6,56169.38,0,1
37712.24,599,0.409,13.3,46,1,5,2,76439.13,0,1
62610.44,684,0.296,1.0,67,0,4,3,98191.17,0,0
26607.17,635,0.206,5.9,54,2,2,1,84224.94,1,0
70017.41,560,0.579,16.7,33,0,4,2,63137.0,1,0
43470.48,780,0.091,0.6,26,1,5,9,68315.35,0,0
40643.31,640,0.201,2.5,62,0,7,2,54596.63,0,0
69946.08,579,0.357,1.3,42,1,5,10,46284.51,1,1
61214.03,667,0.335,1.3,52,0,4,3,79548.86,0,0
40925.84,685,0.358,0.6,47,2,6,1,21848.91,0,0
87523.7,540,0.233,5.2,24,3,6,3,36723.66,1,0
28551.6,707,0.306,6.9,21,1,3,7,97974.91,0,1
66700.51,596,0.059,5.6,38,0,4,8,59314.39,0,0
65943.3,817,0.157,12.9,37,1,6,9,52358.45,0,1
41991.68,722,0.18,0.8,53,1,3,6,85824.96,0,0
57703.12,648,0.316,1.9,51,0,6,9,77391.89,0,1
26224.34,620,0.121,2.1,68,2,4,4,35973.97,1,0
77809.09,672,0.376,1.3,63,0,5,3,64466.35,1,0
44691.96,729,0.215,0.8,44,0,6,2,22612.17,0,1
37746.14,678,0.337,3.3,44,1,1,5,10032.86,0,0
82826.61,663,0.155,9.0,53,0,5,1,99035.58,1,0
34469.43,685,0.238,15.5,24,1,6,2,75035.15,0,0
24240.24,632,0.23,0.7,70,0,7,4,93422.71,0,0
22509.34,653,0.216,8.7,45,2,3,2,84029.27,1,1
66370.3,513,0.546,8.7,65,1,5,2,45667.07,0,1
25842.75,758,0.354,2.5,68,1,2,1,86836.89,0,0
117877.01,704,0.265,0.6,48,0,2,8,79736.44,0,0
20000.0,618,0.271,23.0,23,0,7,9,29534.22,1,1
114488.33,832,0.209,5.3,48,1,0,5,64185.82,0,1
54475.63,687,0.383,20.1,49,0,3,7,33976.67,0,0
46706.73,597,0.107,3.3,59,1,9,10,27233.37,0,0
37329.55,749,0.518,2.5,21,1,7,2,12764.68,0,0
59848.29,712,0.166,1.4,42,0,4,8,56600.27,0,0
48106.98,712,0.145,20.5,66,2,6,9,42280.51,0,1
85105.84,646,0.446,1.5,70,3,5,4,13364.3,0,0
51902.06,716,0.064,0.1,28,1,5,7,73243.79,0,0
52846.72,659,0.581,3.6,63,3,6,1,73690.77,0,0
40871.73,724,0.207,2.4,26,2,5,8,27354.65,1,1
47644.72,528,0.467,1.5,62,0,9,6,95811.18,0,0
57176.65,645,0.356,5.0,32,0,6,1,78897.03,1,0
20845.97,818,0.289,2.3,68,1,9,2,81503.9,0,0
24981.91,619,0.503,2.6,54,1,3,3,5351.63,1,0
71085.03,632,0.204,0.1,39,1,8,9,97951.54,0,1
53392.88,644,0.403,4.4,33,1,4,2,99077.97,0,0
44712.5,583,0.332,0.7,30,1,5,3,53185.95,0,0
49474.71,503,0.267,1.2,53,1,5,8,98576.56,0,0
58325.28,662,0.197,6.3,65,0,10,3,63153.37,0,1
37425.97,691,0.039,1.9,57,2,2,8,17728.9,0,0
33218.02,676,0.246,0.9,61,3,12,5,82351.87,0,0
54063.94,668,0.412,4.3,59,2,4,3,58018.07,1,0
30055.88,683,0.23,1.2,69,0,5,5,37517.53,0,0
60121.72,762,0.306,1.6,57,0,8,10,27437.23,0,0
20925.17,665,0.122,4.9,29,1,3,8,54295.22,0,1
82008.47,634,0.049,6.7,59,3,7,8,70716.3,0,1
62087.42,658,0.212,6.7,35,2,6,3,88315.71,0,1
55715.57,726,0.408,3.3,70,1,5,2,61870.67,1,0
80125.18,793,0.289,3.0,38,0,3,8,44452.86,0,0
112728.46,630,0.143,7.7,33,2,9,1,65052.74,1,1
81404.43,688,0.069,1.1,30,2,2,9,52211.15,1,1
20000.0,707,0.478,0.8,52,3,5,7,66939.3,0,1
25853.76,601,0.259,5.5,24,1,8,8,62852.27,0,1
35867.64,682,0.292,2.6,68,1,11,1,97974.92,1,0
49664.49,563,0.386,6.2,33,1,4,3,64113.42,0,0
63502.18,538,0.018,1.5,33,3,5,6,70648.68,0,1
34102.57,709,0.195,2.0,20,1,5,8,89776.54,1,1
53819.08,649,0.11,11.3,31,0,4,8,91737.02,1,1
33600.91,696,0.108,2.7,40,1,2,10,18383.38,0,0
36106.97,679,0.198,4.5,37,2,5,9,48111.48,1,0
24262.07,602,0.257,0.6,32,1,8,7,94563.07,0,1
30896.04,676,0.397,1.0,20,1,5,1,96178.06,0,0
24938.24,581,0.408,0.2,34,2,9,5,23053.08,0,0
30093.47,791,0.151,2.8,58,1,2,2,47151.92,1,0
83018.68,572,0.328,22.5,41,0,11,3,31471.78,0,1
30494.47,664,0.194,10.4,33,2,4,5,80119.95,0,1
182807.88,597,0.419,5.0,34,1,9,2,85955.9,0,1
62734.01,726,0.396,9.9,47,3,1,7,49578.35,0,1
53767.16,653,0.111,4.5,34,3,4,3,69187.7,0,1
31914.67,639,0.292,2.3,51,1,4,1,87646.8,0,1
69574.61,748,0.114,1.0,69,3,4,7,72404.3,0,0
36760.57,682,0.275,5.3,20,1,7,10,19860.51,0,0
52104.41,721,0.778,1.1,27,1,3,8,72639.27,0,1
176317.61,601,0.166,2.7,27,0,6,9,20099.98,0,1
46721.98,568,0.277,8.7,41,0,2,9,67105.82,0,1
87084.72,689,0.273,0.7,20,2,10,3,36685.7,0,1
34489.55,654,0.193,0.7,43,2,5,8,10362.15,0,1
48170.68,730,0.379,1.3,66,1,2,9,26515.76,0,0
118824.19,674,0.709,4.0,19,1,8,10,49496.31,0,1
35829.13,696,0.218,1.4,37,1,7,1,99431.54,1,1
121324.53,550,0.193,3.5,58,2,5,4,29292.57,0,0
69833.98,831,0.529,1.8,26,0,6,8,97984.34,0,1
37003.46,667,0.26,3.5,22,0,5,6,39600.82,0,0
67252.12,736,0.305,1.6,51,2,2,2,96201.04,1,0
79720.12,613,0.097,19.6,19,3,6,9,95829.83,1,1
66896.7,705,0.188,3.4,60,0,7,3,18575.27,0,0
22356.84,576,0.066,6.8,21,2,3,2,83728.33,0,0
34078.82,716,0.188,6.0,45,1,8,2,54144.65,1,1
43314.41,652,0.179,3.4,56,0,3,1,70189.01,0,0
47229.94,682,0.274,1.4,31,2,7,8,78727.18,0,1
66858.66,736,0.433,3.6,23,2,2,5,16830.75,1,1
53575.68,581,0.344,5.7,27,0,4,9,80902.39,0,1
25142.82,625,0.054,3.1,62,1,2,5,33765.45,0,1
59284.25,717,0.139,0.4,55,2,5,6,74575.13,0,0
66522.32,848,0.183,0.1,28,0,7,10,59497.59,0,0
64854.09,669,0.247,2.0,55,1,4,7,70043.18,1,0
84152.87,727,0.049,0.8,55,0,7,1,64173.46,0,0
74381.39,671,0.458,11.8,70,1,6,5,81989.95,0,1
61672.29,835,0.159,1.0,38,0,9,5,89983.21,0,1
47330.83,540,0.151,2.5,63,1,9,7,47664.7,1,1
21365.22,688,0.296,6.2,41,0,5,8,42256.24,1,1
60767.42,550,0.068,8.4,65,1,5,1,28008.08,0,1
54385.01,479,0.087,3.2,23,0,3,6,82314.71,0,0
56150.42,704,0.277,1.0,27,2,1,2,96866.31,0,0
25890.35,691,0.269,1.6,62,1,5,2,23555.56,0,0
28551.7,657,0.429,2.7,61,0,10,10,48495.03,1,0
82998.38,672,0.067,2.3,34,3,6,5,78182.06,0,1
48060.81,850,0.52,2.1,49,2,7,5,65424.08,0,1
68923.35,659,0.256,0.7,38,1,3,2,82427.93,0,0
49719.83,721,0.191,12.2,19,1,6,3,6533.81,0,0
49755.59,628,0.228,0.2,19,0,6,8,91578.01,0,0
78365.72,704,0.574,2.9,21,3,4,8,10828.42,1,1
37872.39,661,0.251,19.6,49,0,5,8,47320.42,0,1
51434.29,647,0.348,5.4,33,1,6,1,31197.62,1,1
38904.39,826,0.097,2.2,25,1,4,5,93178.4,1,1
39448.52,774,0.182,0.8,67,3,6,1,31138.6,1,0
41999.54,691,0.412,16.6,24,1,2,6,40467.01,0,1
54779.26,496,0.146,0.1,53,1,5,3,89392.31,0,0
38585.26,651,0.425,5.7,64,2,4,9,56053.58,0,0
91846.87,850,0.207,10.6,27,0,6,3,90329.16,0,0
31341.44,662,0.605,0.1,29,0,3,3,67792.06,0,1
44647.97,768,0.57,6.5,48,0,8,2,12523.2,1,0
39345.4,795,0.37,30.0,44,0,3,7,46304.73,0,1
101061.95,698,0.101,5.1,45,0,5,2,21756.91,0,0
54083.12,613,0.049,2.7,47,1,5,2,11187.66,1,0
82118.8,485,0.086,10.4,67,2,3,10,40512.8,1,1
23323.57,735,0.148,4.0,21,3,5,2,91300.76,0,0
56023.42,615,0.448,6.9,58,1,9,4,16178.64,0,0
76482.36,694,0.131,4.4,30,0,5,2,5643.35,0,0
51079.68,580,0.323,0.2,37,2,4,8,93833.47,0,0
83511.55,659,0.207,1.2,23,2,12,2,55360.02,0,0
37848.85,683,0.331,0.4,41,1,2,1,58065.13,0,0
99178.22,701,0.242,0.6,60,0,3,2,93203.04,0,0
154731.88,591,0.191,0.1,23,3,4,6,71516.98,0,1
40887.54,776,0.055,2.7,32,0,5,3,83547.22,0,0
39232.03,632,0.224,1.0,37,0,6,1,78196.88,0,0
101386.2,546,0.302,9.7,23,2,4,5,63126.46,1,1
107989.15,671,0.222,6.9,58,1,5,7,70397.88,0,1
37743.55,683,0.101,4.3,59,0,0,2,58266.78,0,0
39731.78,693,0.172,3.4,61,1,3,2,38762.74,1,0
42578.63,789,0.552,1.5,48,2,4,1,32108.5,0,0
25028.61,661,0.287,3.2,44,2,5,3,21714.72,0,0
30966.9,670,0.234,5.1,32,0,3,9,38630.19,0,1
29671.12,592,0.109,7.6,52,0,6,5,59805.15,0,0
33392.99,746,0.39,0.4,41,1,5,8,60816.04,0,0
48177.99,695,0.406,6.2,68,2,4,1,69924.84,0,0
55111.15,646,0.471,6.8,68,0,6,9,88545.4,0,0
106430.8,528,0.251,4.1,65,1,0,9,66925.58,0,0
29757.1,796,0.639,1.2,37,0,5,2,21234.2,1,0
80190.57,582,0.398,3.9,37,0,3,6,7441.29,0,0
44046.69,633,0.186,3.5,62,2,5,6,23702.92,0,0
47823.3,709,0.14,3.2,56,0,8,8,91269.73,0,0
68693.49,584,0.208,3.1,55,2,3,2,58927.19,0,0
27963.04,561,0.235,0.6,33,1,2,1,85617.66,0,0
59349.85,510,0.158,1.0,61,0,3,5,27259.3,0,0
53275.19,738,0.464,0.5,48,3,6,7,72438.66,1,1
62706.83,636,0.142,1.4,41,1,7,9,74509.05,0,1
56646.43,850,0.295,1.5,63,1,8,10,81905.84,0,1
167317.77,600,0.426,1.4,38,2,3,9,55873.84,0,1
35636.65,606,0.219,1.2,52,1,4,10,80383.6,0,0
37590.31,635,0.273,6.6,42,1,6,2,93867.21,0,0
35897.74,699,0.497,8.5,49,0,5,9,95952.38,1,0
37133.0,642,0.062,2.0,20,2,6,8,16916.48,0,1
35642.94,729,0.151,1.8,42,1,6,8,64309.23,0,1
88832.54,602,0.45,9.3,47,0,2,5,15781.17,1,1
99733.02,569,0.034,4.9,44,2,3,8,92645.62,0,1
36850.59,536,0.419,1.7,62,1,8,1,95762.42,0,0
32332.31,502,0.699,6.3,34,1,2,8,52461.24,0,1
62050.74,639,0.051,2.1,64,0,3,7,96189.85,0,1
37193.47,656,0.138,4.4,39,3,8,7,77792.95,1,0
67269.75,629,0.483,24.6,54,3,5,2,71114.19,0,0
54255.6,779,0.173,1.8,23,1,4,4,60171.99,0,0
22974.22,778,0.203,13.3,28,1,4,3,43643.87,1,1
106271.52,653,0.372,1.9,58,1,3,5,96559.11,0,0
120323.45,536,0.245,3.9,19,0,5,8,23719.88,0,1
36084.03,635,0.151,3.1,68,1,3,4,81241.1,1,0
40382.4,632,0.215,7.6,28,0,1,8,39908.03,0,0
56552.95,627,0.085,0.3,65,3,5,3,76558.34,1,0
57943.77,624,0.048,4.9,45,0,4,1,20550.33,0,0
68136.76,628,0.285,7.1,47,2,5,6,40463.91,0,1
133933.98,649,0.194,3.2,22,1,5,9,94883.9,0,0
44870.08,629,0.065,0.6,37,0,1,2,57943.05,1,0
32887.61,697,0.148,1.4,26,1,2,6,51668.65,0,0
24596.03,709,0.12,5.7,45,2,5,1,76450.16,0,0
34014.25,607,0.432,11.3,47,2,3,9,44620.1,0,0
48215.53,782,0.088,2.7,55,0,6,5,51837.33,0,1
120244.08,602,0.396,4.1,64,1,5,8,58257.66,0,1
37842.74,551,0.196,1.3,42,2,6,8,99048.76,0,0
54824.58,710,0.24,2.7,30,2,7,7,81510.46,0,1
48619.92,615,0.324,2.1,35,2,9,8,8781.03,0,1
88804.86,706,0.181,5.3,62,0,4,2,79443.69,0,0
173419.05,488,0.546,20.9,26,2,6,10,52782.68,0,1
37592.72,791,0.197,8.4,51,1,9,5,26913.24,0,1
38379.56,734,0.257,1.1,19,1,7,2,86082.72,1,0
82626.06,560,0.097,4.3,31,0,1,1,30700.52,0,0
68936.82,562,0.355,0.3,49,0,2,6,35439.06,0,0
123420.64,814,0.06,1.4,42,1,5,7,10984.38,0,1
65641.55,621,0.229,0.9,44,0,4,1,97872.47,0,0
40960.11,613,0.195,2.0,52,1,7,1,80561.32,0,0
65862.69,499,0.189,5.7,30,2,5,1,19069.67,0,0
85336.01,652,0.324,3.5,33,3,5,10,51507.23,0,1
73883.23,662,0.44,13.5,54,0,7,6,36990.98,0,1
63173.3,737,0.014,1.2,46,0,3,5,8077.44,0,0
83561.43,568,0.288,2.3,19,1,6,2,93086.0,0,0
87960.91,558,0.377,2.0,53,0,6,8,84743.97,0,1
97839.09,716,0.106,1.3,50,0,11,9,98758.13,0,1
67802.54,761,0.265,24.9,22,1,5,5,28038.9,0,1
45091.14,554,0.17,2.4,57,1,9,9,71444.62,0,1
52751.99,767,0.457,14.1,45,2,9,8,16226.08,1,1
89612.89,683,0.173,2.5,29,3,10,1,45982.36,0,1
32582.55,767,0.307,1.1,47,2,7,6,85440.26,0,1
58943.62,674,0.266,0.6,49,0,7,2,5765.48,0,0
40268.73,478,0.315,9.7,66,2,4,3,50666.55,0,0
49730.44,668,0.344,0.2,57,1,4,8,46296.17,0,0
92895.08,765,0.273,16.7,34,1,3,9,70644.86,0,1
53935.79,609,0.317,2.7,24,3,4,1,27603.01,0,0
50172.3,649,0.408,1.4,62,2,5,1,21461.91,0,0
24836.56,666,0.329,4.8,62,1,7,8,66816.46,0,1
71191.36,448,0.446,0.7,27,0,5,6,65919.34,0,0
67693.27,814,0.084,0.4,21,2,3,3,76419.45,1,1
144585.65,608,0.332,8.8,55,2,4,7,28456.78,1,0
42028.82,720,0.15,2.8,56,0,7,9,6550.94,0,0
54697.6,673,0.409,3.7,27,0,7,3,88405.98,0,0
55530.73,781,0.119,1.0,53,0,6,2,24602.16,0,0
107874.81,712,0.484,0.3,33,0,2,9,44707.01,0,1
46739.84,661,0.283,2.3,32,1,7,6,49507.55,0,0
56359.76,609,0.494,3.5,35,0,6,7,22796.82,0,0
66432.94,744,0.551,7.3,45,3,4,8,54478.81,0,1
53814.84,530,0.238,3.5,60,2,4,8,91857.61,0,0
39213.77,732,0.226,7.6,44,1,5,7,30778.62,0,0
54016.51,592,0.32,0.6,33,1,6,3,54432.27,0,0
83852.61,780,0.263,0.3,64,1,4,6,34326.16,0,1
29341.04,693,0.265,0.9,21,0,7,5,98168.92,0,1
52390.72,732,0.416,7.4,59,0,7,1,25956.86,0,1
34542.29,687,0.434,7.1,59,1,3,2,15386.38,0,0
89100.78,540,0.098,0.8,31,3,6,6,18548.75,0,1
22888.88,611,0.467,0.2,28,3,4,7,39869.71,0,1
37069.1,734,0.028,5.8,63,2,7,8,57520.9,0,1
59195.8,693,0.16,9.7,47,1,3,10,68461.05,0,1
107233.29,774,0.316,7.0,20,2,2,9,58429.25,0,1
47435.44,712,0.118,1.1,64,1,4,3,91025.97,0,0
37138.16,603,0.298,4.4,36,0,8,6,39227.65,0,0
125564.96,616,0.426,7.1,36,1,6,6,72671.7,0,1
23765.57,688,0.471,1.5,51,3,4,7,30477.2,0,0
20000.0,495,0.256,3.8,52,0,6,2,69767.2,0,0
61084.12,814,0.283,1.9,36,0,3,2,92952.38,0,0
38138.25,715,0.573,1.3,25,0,4,6,97948.36,0,0
29418.63,778,0.133,17.5,47,0,5,4,74320.93,0,0
69855.09,554,0.288,12.2,51,0,4,8,94532.42,0,0
55375.93,780,0.173,2.9,63,1,4,8,69641.25,0,0
36973.65,850,0.34,0.7,43,3,12,7,96503.64,0,0
25844.36,574,0.685,6.5,52,2,5,5,90311.95,0,0
75828.44,742,0.178,1.5,21,3,4,9,15128.87,0,1
67853.12,680,0.37,0.9,65,0,3,4,50041.7,0,0
46649.25,556,0.321,2.4,35,0,10,4,38007.74,0,0
123416.3,719,0.159,3.8,51,0,4,3,7564.91,1,0
28708.76,747,0.583,0.5,66,3,6,9,49355.9,0,1
22862.14,632,0.344,4.2,60,0,6,9,19093.36,0,0
34684.42,773,0.196,0.1,51,1,1,9,8463.03,0,0
47916.11,547,0.252,11.1,55,0,5,5,47276.72,1,0
55363.16,560,0.1,12.7,66,0,5,5,27076.63,0,1
43450.69,691,0.377,6.6,60,0,8,2,93852.72,0,0
58455.89,682,0.38,3.1,50,2,5,8,82206.24,0,1
26218.76,623,0.305,1.5,52,0,7,6,95836.26,0,1
100899.71,745,0.27,6.8,26,0,3,2,88739.17,0,0
47048.04,722,0.393,13.4,42,1,4,5,74155.86,0,1
85703.41,749,0.531,0.9,34,1,5,5,61776.04,1,1
58183.82,670,0.458,3.1,40,1,5,8,11218.18,0,0
61597.5,728,0.059,1.9,52,3,8,4,30251.69,0,0
65178.42,644,0.103,2.2,26,1,8,4,72520.4,0,0
61319.57,844,0.265,2.6,19,0,3,10,43112.16,0,0
67599.87,615,0.356,15.2,39,1,3,7,35909.61,0,1
95280.1,848,0.35,1.5,35,1,6,8,14876.97,0,1
54082.21,683,0.292,3.4,40,2,6,7,11667.49,0,1
69877.7,570,0.179,15.1,66,3,4,8,24948.84,0,1
46869.96,789,0.264,3.2,55,2,2,10,84284.7,0,0
100715.86,690,0.26,10.0,35,1,8,6,67986.51,0,1
34954.55,748,0.184,0.3,27,0,6,3,37389.93,0,0
120628.42,778,0.028,15.3,50,3,3,1,10797.7,0,1
48046.33,707,0.114,1.0,52,1,3,7,22895.39,0,0
23971.3,633,0.351,19.5,43,2,6,2,47739.06,0,0
52263.43,758,0.213,1.0,29,3,2,1,19555.7,0,1
34873.21,680,0.21,2.9,19,1,11,4,77447.04,0,0
74631.79,735,0.556,1.8,32,1,5,9,79920.33,0,0
35372.43,508,0.34,2.8,42,1,7,8,18002.76,0,0
39218.67,716,0.114,1.4,59,0,7,2,74052.77,0,0
20000.0,629,0.079,16.8,62,1,4,2,53662.72,1,1
39098.79,812,0.366,1.8,39,1,2,9,96426.25,0,0
20000.0,730,0.142,5.3,59,0,5,9,79818.94,1,1
22204.46,699,0.075,0.7,70,1,3,5,60603.33,0,0
71697.23,719,0.256,8.7,55,1,3,3,62343.7,0,1
72613.06,600,0.216,3.9,56,2,7,8,21996.65,1,0
60641.14,810,0.457,19.4,65,2,9,3,89894.61,0,1
30227.64,839,0.328,2.8,36,0,2,6,58128.54,1,1
47865.22,711,0.293,1.1,19,2,4,6,59539.21,0,1
48932.58,807,0.09,2.1,69,1,5,7,59664.74,0,0
27469.12,634,0.541,6.7,44,1,3,10,31242.4,0,1
103953.52,616,0.436,5.4,59,2,7,5,82148.61,0,1
76014.63,683,0.689,7.5,60,0,8,10,86922.25,1,1
43893.34,715,0.431,0.4,39,1,4,2,32349.06,1,0
49684.23,648,0.253,4.3,46,1,2,8,46968.16,0,0
54403.92,723,0.177,13.5,46,2,9,7,22019.33,0,1
20000.0,705,0.391,0.6,29,1,2,9,27661.53,0,0
43321.8,600,0.431,0.5,24,2,5,1,36918.37,0,0
34856.95,722,0.062,6.3,46,0,2,7,90688.99,1,1
29708.55,749,0.252,1.9,24,2,9,6,64485.17,0,1
42593.2,694,0.059,5.4,36,1,3,6,60855.15,0,0
120432.33,772,0.26,3.9,28,1,4,1,94941.96,0,0
67536.36,583,0.451,21.4,55,1,5,3,80175.44,0,0
36842.62,717,0.426,11.0,63,1,4,5,6524.8,0,1
65270.23,586,0.033,5.7,48,0,9,9,16811.79,0,1
98683.96,591,0.312,1.5,39,0,4,8,28536.61,0,0
77832.69,630,0.088,1.5,70,0,7,2,33872.45,1,0
50504.37,605,0.13,10.7,19,2,4,6,84235.91,0,1
35473.16,636,0.323,4.4,34,2,1,5,78141.32,0,1
69502.06,663,0.239,7.8,32,2,4,7,18817.5,0,1
59679.43,747,0.115,3.0,37,2,5,5,55723.61,0,1
76695.37,654,0.299,0.5,30,0,4,5,15366.06,0,0
67345.13,553,0.306,2.0,32,1,6,1,21423.99,0,0
82849.12,771,0.102,0.9,31,3,5,3,28007.83,0,0
37510.73,613,0.321,7.6,44,2,4,9,91003.03,1,1
94721.57,675,0.295,6.0,38,0,9,3,39743.58,0,1
54111.38,716,0.436,0.5,51,1,2,5,92002.66,0,1
138362.24,696,0.486,4.9,45,0,5,7,76320.37,1,1
34731.63,768,0.257,10.4,28,0,7,1,76193.57,1,0
116772.39,718,0.388,6.0,60,1,4,9,81331.7,0,1
54119.8,611,0.253,3.6,43,2,6,2,14116.75,1,0
35393.77,850,0.233,1.9,26,1,9,2,82388.62,0,0
38486.28,696,0.419,10.9,27,1,8,6,28995.44,1,1
41765.52,668,0.439,2.7,59,1,1,1,98473.48,1,1
60601.99,757,0.289,9.7,55,2,4,3,85579.3,0,1
63666.75,700,0.458,7.6,44,0,7,7,99681.33,0,1
36796.21,712,0.284,8.5,34,1,8,10,94026.05,1,1
48427.48,850,0.127,22.9,42,0,5,7,39174.28,0,1
143076.56,658,0.276,6.9,51,1,8,9,94460.55,0,1
116281.77,655,0.223,0.2,64,0,4,3,36371.85,0,0
60971.5,689,0.347,1.1,47,2,8,9,67630.91,0,0
49961.19,766,0.201,0.2,32,0,3,1,82771.76,1,1
52052.89,559,0.335,1.1,20,0,3,6,41287.12,1,0
66619.93,523,0.267,0.3,27,1,2,9,24367.39,0,1
29395.7,633,0.357,3.5,52,1,6,2,90014.26,0,0
43101.44,549,0.243,0.1,26,2,4,3,14811.77,0,0
21283.94,646,0.015,3.2,43,0,14,6,39672.67,0,0
59850.89,720,0.238,11.5,54,0,4,5,56354.4,1,0
67751.24,609,0.195,6.9,34,2,7,4,81451.22,0,1
38499.74,566,0.697,14.4,53,2,8,8,87540.27,0,0
107687.99,686,0.504,1.3,48,2,4,7,53605.16,0,1
26558.82,749,0.231,3.8,41,1,7,2,59472.69,0,0
23571.95,544,0.326,1.9,65,2,4,1,86113.43,0,0
54842.78,746,0.131,3.4,54,1,3,3,49366.16,0,0
82747.51,745,0.2,4.1,37,1,2,1,58114.77,0,0
113773.38,756,0.249,0.2,60,2,5,7,6751.69,0,1
38970.41,777,0.677,1.3,56,0,8,8,95356.28,1,0
84064.57,850,0.111,6.1,59,1,3,7,58843.93,1,1
48085.97,652,0.422,7.4,51,2,2,9,74119.56,0,0
44967.1,689,0.379,4.2,38,1,9,1,28551.73,0,0
76254.37,647,0.156,1.6,36,1,2,9,67375.9,1,0
67925.14,680,0.498,2.6,52,0,4,9,48702.44,1,0
22288.01,803,0.381,0.5,25,0,7,9,15684.66,0,0
102566.86,572,0.398,15.3,61,0,6,4,83865.79,0,0
97738.0,611,0.334,10.2,37,3,5,6,84737.18,0,1
35854.3,790,0.36,0.3,51,3,4,9,11052.76,0,1
59748.64,762,0.182,0.9,44,0,5,9,42107.5,1,0
62756.35,651,0.424,4.4,45,0,5,5,31737.05,0,0
55845.09,748,0.456,1.3,56,0,8,2,54055.08,0,0
37229.15,707,0.19,13.6,51,0,3,3,51435.62,0,1
35037.99,800,0.409,7.0,31,1,3,6,67360.61,0,1
48398.45,686,0.204,1.6,22,0,2,8,28511.33,0,1
88112.04,762,0.283,0.0,62,2,3,10,26061.45,0,0
64331.2,850,0.159,8.0,64,2,9,9,73716.03,0,1
40728.89,728,0.15,2.8,27,0,6,5,97739.49,0,1
72102.89,684,0.22,5.1,34,1,2,7,94902.72,0,0
20000.0,738,0.276,1.7,33,1,5,8,80238.69,0,0
87062.61,651,0.138,0.8,67,0,5,8,11409.47,0,1
20540.28,850,0.343,5.6,29,2,6,9,27588.53,0,1
40895.67,694,0.126,3.0,27,0,6,9,70514.6,0,1
28005.75,658,0.306,1.3,27,0,7,8,33098.4,0,0
25659.25,613,0.364,0.7,56,0,2,2,42394.21,1,0
87589.24,768,0.216,4.3,64,3,1,8,95599.92,0,0
38798.99,749,0.473,6.5,38,1,2,5,13199.19,0,0
58293.85,640,0.281,1.7,25,1,4,8,86818.31,0,1
47884.14,726,0.28,6.6,48,2,7,5,9778.32,0,0
62225.52,559,0.384,1.0,29,0,6,2,37104.53,1,1
50940.37,695,0.338,2.1,21,3,6,8,57763.13,1,1
25809.65,716,0.284,6.8,64,1,8,8,38856.5,1,1
80670.92,817,0.085,5.4,63,1,5,1,95929.92,0,0
38296.8,618,0.317,1.6,69,2,7,9,52915.63,0,0
22509.87,578,0.056,0.7,43,1,7,1,74714.71,0,0
39574.59,608,0.161,0.2,33,2,5,10,71696.2,0,1
103816.47,573,0.111,9.1,58,2,5,9,84333.77,1,1
74990.06,787,0.333,0.4,27,0,7,1,87071.84,0,0
41178.6,804,0.204,0.6,31,0,10,2,49300.11,1,0
41166.13,706,0.303,1.4,31,0,6,6,86985.26,0,0
41738.63,778,0.121,2.9,67,0,1,3,67077.73,0,1
138465.16,691,0.172,7.8,56,1,5,9,70175.79,0,1
59335.78,672,0.125,1.4,25,0,6,9,21457.48,0,1
60780.29,653,0.58,3.9,23,1,5,3,28284.45,0,1
82054.73,655,0.152,0.5,62,2,2,7,70328.14,0,0
55237.35,556,0.164,3.1,60,2,5,2,30235.2,0,0
43065.56,701,0.491,1.0,53,0,6,2,51553.8,0,1
44436.88,677,0.319,1.2,28,0,7,7,51546.7,0,0
47296.87,740,0.339,2.3,43,0,3,3,27233.49,0,0
48116.91,687,0.174,7.2,49,2,5,8,58816.94,1,1
70531.51,667,0.337,6.8,66,1,5,3,58556.83,0,0
50310.69,610,0.199,2.7,27,3,3,6,17256.52,0,1
70708.43,686,0.332,0.6,45,2,3,9,41205.91,0,0
47081.8,739,0.402,1.6,26,2,1,3,39753.5,1,0
50986.57,589,0.237,3.5,41,0,4,9,58398.42,0,1
20000.0,687,0.533,10.2,28,1,5,9,76186.47,0,0
77510.12,699,0.368,17.3,61,3,8,10,6732.14,1,1
58293.4,623,0.248,5.1,31,0,4,1,17593.32,0,0
80741.26,633,0.667,2.2,40,1,7,10,33689.52,0,0
20000.0,698,0.076,5.9,39,1,3,9,81989.26,0,1
139272.45,589,0.16,2.0,63,1,6,3,50649.19,0,0
45716.07,708,0.357,4.9,57,2,4,5,53534.23,0,0
85313.79,608,0.303,1.4,21,1,7,7,43874.79,0,1
29145.24,765,0.026,1.6,21,2,2,2,44438.75,0,1
66595.14,850,0.245,0.4,47,1,6,2,97867.91,1,0
28949.04,611,0.379,2.7,40,1,6,9,90370.88,0,0
35886.47,723,0.267,4.8,32,2,4,1,73957.4,0,0
127645.95,622,0.494,7.8,59,3,7,8,35787.91,0,1
44562.98,763,0.182,8.3,25,3,8,3,53800.27,0,1
54650.65,579,0.554,24.4,69,2,4,8,70494.22,0,1
75737.89,718,0.221,0.5,19,1,9,8,42484.65,1,1
62808.2,610,0.402,3.4,24,0,3,3,54824.93,0,0
52849.81,663,0.183,3.7,34,0,6,1,18842.53,0,0
58834.31,598,0.69,8.2,44,0,4,9,13889.78,0,1
163032.98,746,0.193,1.5,29,1,1,7,20894.43,0,0
47628.69,613,0.48,0.4,56,0,6,8,76787.43,0,0
54206.14,724,0.265,1.9,37,0,6,4,23046.39,0,0
82894.77,652,0.644,20.7,20,0,4,6,92848.56,0,1
85200.53,671,0.143,11.5,64,1,8,6,40012.14,0,1
88744.36,692,0.384,2.5,67,0,4,7,21058.12,0,1
67465.06,619,0.63,10.4,50,2,7,7,83398.19,0,0
27680.89,697,0.286,0.2,60,1,7,7,48381.45,0,1
110936.78,802,0.31,1.9,24,1,4,2,41903.68,1,1
27634.69,618,0.232,6.5,32,2,7,5,36298.05,0,1
57029.15,774,0.036,1.3,35,0,2,6,36398.68,1,0
33619.52,800,0.083,1.1,68,3,9,3,68026.9,0,0
47473.68,615,0.426,9.9,45,1,5,9,56361.57,1,1
57779.03,564,0.213,4.8,18,0,9,3,49425.95,0,0
57565.49,704,0.157,22.6,38,1,10,8,47468.94,0,1
60533.99,636,0.833,0.7,18,2,4,3,18490.1,0,0
109848.3,829,0.107,2.2,30,1,9,3,83648.33,0,0
61498.44,683,0.203,1.9,42,0,5,6,93050.54,1,0
43387.28,616,0.023,10.6,35,3,3,6,81209.6,0,1
79383.32,588,0.105,1.5,20,2,3,6,47870.37,0,1
88852.7,767,0.4,2.2,24,2,6,8,97358.39,0,1
26534.37,634,0.249,0.8,47,2,3,9,63771.22,0,1
66085.2,684,0.38,7.5,54,2,7,8,78537.87,0,1
69604.63,756,0.524,1.4,39,0,3,1,75416.22,0,0
42244.03,641,0.2,0.4,56,1,6,7,72242.27,1,1
97523.96,676,0.098,2.9,26,2,2,9,65988.71,0,1
45477.46,679,0.277,2.5,24,0,5,8,25103.15,0,1
52197.41,735,0.32,1.0,62,0,5,8,32973.1,0,0
44957.1,727,0.341,0.7,36,0,4,8,89238.16,1,0
49404.14,662,0.717,11.3,40,0,8,7,22096.16,0,1
28335.27,685,0.684,0.4,67,0,7,5,19436.36,0,0
23860.38,650,0.281,0.5,40,2,4,10,31995.27,0,0
108798.47,562,0.206,1.4,18,2,4,2,39436.84,0,0
32097.05,701,0.149,15.3,67,0,3,10,57547.31,0,0
29860.86,831,0.477,0.4,19,2,4,1,62526.12,0,1
20000.0,609,0.156,8.5,52,1,3,7,80113.87,1,0
35614.89,618,0.418,11.1,35,0,2,5,11973.64,1,1
25297.35,610,0.34,2.4,42,0,5,2,24782.24,0,0
111413.92,738,0.187,1.7,46,0,8,9,52990.38,0,1
81219.33,716,0.301,5.7,39,2,7,3,28827.2,0,1
34749.65,667,0.25,6.1,58,1,7,7,87981.09,1,0
151178.71,607,0.188,7.6,66,0,4,4,65815.96,0,1
80088.11,687,0.156,8.9,22,0,3,9,51572.21,0,1
41671.98,555,0.381,1.6,60,3,4,9,5042.14,0,1
20000.0,691,0.203,5.8,25,2,5,1,86571.58,0,0
154117.61,750,0.188,0.7,22,1,2,8,48781.74,1,0
24470.26,580,0.192,3.6,68,3,7,1,55483.88,0,0
21532.11,557,0.28,4.7,43,0,2,3,71335.79,0,0
81738.89,806,0.491,0.9,26,1,6,2,94058.26,1,0
166022.1,631,0.186,0.4,48,1,9,1,20029.95,0,0
97942.55,771,0.27,1.1,32,1,6,5,11762.5,0,1
64987.78,668,0.514,2.7,42,2,9,4,16581.35,0,0
65997.83,667,0.232,10.9,50,2,2,7,75368.8,0,1
75109.91,715,0.151,3.8,63,0,4,5,17281.39,0,0
71643.97,609,0.243,6.9,18,0,4,7,52593.2,0,1
56420.94,691,0.366,1.0,29,1,5,8,72117.02,0,0
51642.52,649,0.181,0.6,23,2,4,5,72712.37,0,1
47510.38,574,0.261,1.4,23,0,6,8,43603.5,0,1
33624.75,707,0.433,1.9,67,1,5,9,71368.37,0,0
42602.25,659,0.347,4.0,67,2,3,1,95251.06,1,0
21026.14,667,0.039,10.7,57,0,6,10,7657.99,0,0
46668.76,583,0.445,2.8,51,2,5,1,68781.11,0,0
29902.71,807,0.151,3.7,62,0,5,7,54648.72,1,0
28231.83,750,0.162,0.0,21,1,5,8,25195.91,0,0
53634.46,757,0.294,0.2,24,2,3,7,34232.66,0,1
98321.81,656,0.366,0.4,34,1,8,2,84529.3,0,0
77587.24,542,0.667,6.0,61,0,8,1,60755.32,0,1
22353.76,836,0.123,3.3,43,3,4,10,6380.38,0,0
29887.21,675,0.33,1.1,44,0,2,9,96709.33,0,0
78463.25,620,0.404,4.5,30,1,6,4,68287.5,1,0
29994.11,713,0.232,3.9,52,1,7,9,47051.06,0,0
43812.89,773,0.554,0.5,64,1,9,9,72671.67,0,1
64539.07,678,0.651,5.1,35,1,7,2,24434.06,0,0
30206.96,782,0.337,7.3,50,1,5,6,29744.4,0,1
51672.85,767,0.089,1.7,35,0,7,7,19452.0,1,0
25159.41,594,0.086,5.8,59,1,4,2,42721.94,1,1
36290.68,626,0.31,1.1,43,0,8,2,90946.53,0,0
57520.17,757,0.35,7.1,36,0,6,9,41916.09,0,1
22103.76,463,0.509,12.1,40,1,2,9,32368.14,0,1
61098.18,668,0.29,2.9,23,1,5,5,71838.56,0,0
48541.83,566,0.244,1.4,63,0,4,1,87612.53,0,0
64617.79,642,0.314,2.5,68,1,4,2,28202.06,0,0
54828.04,656,0.277,1.4,43,1,5,2,81752.56,0,0
96961.59,651,0.2,0.0,30,1,6,1,33956.46,0,0
52188.23,636,0.621,5.3,53,1,4,1,28495.04,0,0
39549.06,592,0.313,0.2,42,3,6,2,49930.9,0,0
52111.91,850,0.091,1.2,31,1,4,3,11339.43,0,0
64321.49,829,0.272,6.4,20,2,4,9,86912.46,0,1
50233.13,587,0.452,5.5,64,0,8,9,88062.37,1,1
50025.88,807,0.344,0.4,59,2,4,9,69350.79,0,0
34509.99,648,0.175,5.4,61,1,4,2,33774.11,0,0
35191.14,690,0.621,13.3,41,1,5,9,20837.33,0,1
24311.32,675,0.401,0.4,57,2,4,3,71386.46,0,0
117569.9,627,0.128,2.7,48,0,4,8,14793.43,0,1
26319.58,759,0.094,6.5,37,1,5,1,44055.29,1,0
34667.14,690,0.178,5.5,62,0,3,7,13436.85,1,1
34227.9,642,0.035,1.3,70,2,10,2,45513.39,0,0
76685.06,576,0.574,0.9,65,2,5,7,17776.95,0,1
42299.27,609,0.254,7.7,58,1,7,3,8057.5,0,1
91479.58,549,0.101,15.6,57,1,3,3,47724.77,0,1
35005.3,681,0.271,7.3,52,1,4,1,58930.92,1,1
56358.99,584,0.089,16.5,62,0,2,7,46737.41,1,0
32283.98,659,0.453,4.6,44,0,10,1,21734.03,1,0
143282.65,790,0.378,13.2,27,1,6,7,12355.98,0,1
27070.53,776,0.391,5.9,58,1,6,5,17004.86,0,1
57234.4,677,0.29,12.0,66,1,5,4,74075.83,1,1
67298.18,673,0.346,0.9,36,0,5,9,6508.23,0,1
60288.67,830,0.226,8.5,59,1,9,8,87015.05,0,1
44683.35,722,0.412,1.1,32,3,6,8,84808.47,0,1
45939.92,654,0.404,0.1,67,0,2,3,88644.54,0,0
50106.49,566,0.297,3.6,54,1,2,9,88480.81,0,0
45546.95,712,0.522,1.9,48,1,5,6,68413.96,0,1
79375.07,746,0.452,0.2,59,3,6,6,85505.94,0,0
148043.51,629,0.119,19.6,60,1,7,6,74381.37,0,1
37095.62,703,0.123,5.5,64,1,5,7,33511.48,1,1
24713.34,651,0.093,11.6,65,2,6,7,76737.09,0,1
46904.03,665,0.16,30.0,21,0,10,10,63479.76,0,1
178056.23,481,0.344,2.5,24,1,6,5,7611.54,0,0
32799.31,662,0.692,1.5,61,1,5,8,79704.16,0,0
111252.58,758,0.288,1.0,67,1,4,9,87729.33,0,1
113419.7,629,0.314,3.6,34,0,3,10,54159.9,0,1
37168.09,684,0.381,4.7,18,0,4,5,51267.54,0,0
65152.86,620,0.351,3.2,35,0,1,1,45590.68,0,0
110657.85,709,0.171,2.4,38,2,7,6,73289.31,1,0
40555.88,663,0.208,0.9,58,3,5,10,25468.1,0,0
44276.52,605,0.367,2.9,20,0,6,7,78523.77,0,1
36649.66,787,0.215,0.4,29,0,2,5,32772.61,0,1
29514.05,754,0.224,10.0,64,3,3,1,29842.24,0,1
35431.67,632,0.215,0.2,26,1,4,7,81872.05,0,1
26583.07,720,0.397,2.4,57,2,4,7,21565.69,0,0
49863.36,723,0.138,0.5,37,0,3,4,86939.31,0,0
33356.68,731,0.204,7.5,52,2,4,2,97897.24,0,0
55099.34,544,0.643,1.9,22,2,3,3,35388.0,0,0
22517.59,761,0.404,0.6,33,0,3,10,93148.0,1,1
57840.25,634,0.141,3.8,40,0,3,2,58809.4,0,0
74366.77,651,0.32,12.4,63,0,7,2,29637.17,1,0
20000.0,850,0.151,12.0,47,0,8,7,48000.2,1,1
59102.49,704,0.67,1.4,20,3,7,8,81005.18,0,1
90566.03,649,0.123,6.4,60,1,4,3,68330.54,0,1
26773.81,504,0.136,0.2,21,2,4,7,52004.33,1,1
113129.24,791,0.377,0.7,67,2,6,7,29445.07,0,1
60446.23,572,0.18,3.5,29,1,7,9,73950.46,0,0
34457.92,600,0.512,1.3,43,1,4,8,34765.2,0,0
47672.76,653,0.332,8.0,22,0,3,8,36440.14,0,1
64806.65,793,0.498,13.4,47,1,6,7,75953.81,0,1
50919.57,742,0.122,0.0,44,3,1,2,58051.14,0,1
64175.58,667,0.115,1.3,39,0,6,9,22654.19,0,0
30935.61,705,0.3,2.9,20,1,10,1,70275.62,0,0
53352.73,632,0.406,4.1,64,2,2,6,29514.98,1,1
24176.65,691,0.061,12.4,60,1,7,3,77246.71,0,1
46369.03,686,0.399,11.1,51,1,9,6,50478.1,0,0
31196.03,758,0.352,5.1,48,2,8,8,61523.6,1,1
33936.11,757,0.376,1.5,54,0,4,8,62092.79,0,0
90948.31,720,0.179,7.6,25,2,6,8,18947.0,0,1
84597.08,651,0.521,1.1,66,2,5,10,66795.17,0,0
66474.19,739,0.083,16.8,33,0,4,8,87377.1,0,1
28391.46,673,0.322,0.0,52,1,6,9,89664.19,1,0
41847.85,593,0.396,4.2,50,1,6,8,70412.48,1,0
89908.6,648,0.13,0.5,51,0,5,7,97052.73,0,0
52620.36,687,0.058,2.6,64,1,10,3,61836.24,0,1
156320.67,753,0.582,5.0,33,1,4,8,29212.95,0,0
59674.43,665,0.426,5.8,57,3,9,1,67716.42,0,0
53961.42,583,0.4,7.7,49,1,5,3,91371.73,0,0
42000.71,685,0.25,4.5,22,2,5,9,39090.94,1,0
52405.69,689,0.31,1.4,40,0,7,8,30160.65,0,1
45422.6,695,0.281,11.0,62,0,6,5,96817.91,1,1
69846.44,754,0.436,8.3,34,3,5,7,77822.18,0,1
79090.75,762,0.276,0.9,43,2,3,9,9728.93,0,0
33090.62,632,0.133,8.8,43,0,9,5,58312.37,0,1
25194.56,631,0.126,18.0,50,1,6,6,27270.94,0,1
20000.0,597,0.512,5.1,64,1,1,2,32247.56,0,0
63195.96,736,0.082,1.7,27,1,5,5,13320.74,0,1
28234.97,796,0.391,4.7,44,2,3,2,26944.59,1,0
20000.0,655,0.185,2.1,40,2,5,3,52996.56,0,0
59533.19,661,0.039,5.6,33,0,3,4,12463.53,1,0
170501.57,797,0.398,3.9,66,1,3,1,89520.91,1,1
48872.23,720,0.359,13.3,18,0,3,8,78663.28,0,0
74551.5,715,0.257,4.8,24,2,3,6,41231.23,0,0
51068.07,585,0.188,1.2,56,1,4,3,17371.62,0,0
46655.92,734,0.568,6.5,32,3,1,1,99427.44,0,0
77616.73,606,0.285,1.8,56,2,0,6,58514.13,0,1
42398.27,589,0.224,1.6,61,0,2,2,45182.65,0,0
56033.0,652,0.112,2.5,31,2,4,6,23870.73,0,1
57575.3,633,0.119,0.1,28,1,6,7,24305.58,0,0
35099.94,662,0.402,17.4,26,0,4,3,80639.87,0,0
80500.7,565,0.221,3.8,28,1,6,7,54388.71,1,0
44914.69,757,0.011,7.4,32,3,2,2,98480.19,0,1
33594.83,770,0.17,1.5,63,1,3,7,95544.28,0,0
64103.54,524,0.451,6.9,58,2,5,4,24648.64,1,1
31281.0,758,0.373,4.2,18,1,4,5,99940.66,0,0
49716.42,615,0.191,2.8,63,1,4,2,98726.51,0,0
48797.8,749,0.653,17.6,22,2,7,10,80931.56,0,1
84368.36,675,0.107,3.4,52,2,4,7,42136.44,0,1
62152.67,682,0.091,5.4,26,0,6,3,26293.76,0,0
48411.2,665,0.082,0.1,21,0,2,9,14800.08,0,1
73782.96,777,0.154,1.8,58,1,9,1,9937.55,1,0
98233.62,581,0.376,11.0,42,1,3,9,82976.23,0,1
64789.91,729,0.185,7.1,49,2,6,2,94828.35,0,0
49275.21,768,0.24,3.8,40,0,6,3,78392.95,1,0
25440.1,737,0.057,11.5,21,2,4,8,77108.69,0,0
28780.21,850,0.511,3.3,56,1,6,1,44442.03,0,1
42082.52,638,0.458,4.2,61,0,6,9,65912.19,1,0
36143.19,757,0.227,2.4,20,1,7,8,68765.48,1,1
44645.75,672,0.226,4.8,38,0,8,6,29441.51,0,0
50429.17,779,0.268,1.9,47,0,2,9,75174.55,0,1
63885.42,679,0.308,2.4,49,2,5,5,18881.11,1,0
47322.95,649,0.288,17.0,48,1,4,8,32878.34,0,1
62520.57,784,0.307,0.6,54,1,5,7,61022.3,1,0
50626.84,641,0.237,0.6,68,1,7,1,56259.55,0,0
20000.0,567,0.12,0.2,38,0,3,1,71935.24,0,0
30648.29,639,0.31,1.9,47,1,8,2,60376.81,0,0
45613.37,730,0.202,2.5,54,2,7,8,9706.63,0,0
26773.09,791,0.278,0.5,49,0,3,8,97881.78,0,0
66168.8,689,0.081,4.0,38,1,2,6,77531.45,0,0
105384.98,785,0.211,4.4,50,0,9,2,88640.96,0,0
90163.59,571,0.154,7.0,52,0,6,6,81373.18,0,1
44058.72,645,0.375,18.6,48,1,2,5,25177.4,0,0
103296.94,657,0.291,4.8,29,1,6,9,93607.33,0,1
52803.55,671,0.167,0.6,44,2,7,9,98487.95,1,1
41417.43,687,0.182,0.5,64,1,5,9,12473.86,0,0
36072.95,735,0.336,7.5,63,0,8,10,20051.34,0,1
42140.53,644,0.323,5.3,57,1,4,1,99077.92,0,1
40372.8,691,0.262,0.9,54,1,7,2,32879.14,0,0
53380.89,676,0.352,1.5,26,1,2,1,82881.25,0,0
53118.84,606,0.473,6.9,42,2,5,2,12043.59,0,1
49095.52,671,0.153,4.2,24,0,2,6,74581.89,0,0
60990.24,669,0.074,4.4,60,3,4,2,71632.52,1,1
88904.95,667,0.368,1.2,33,1,11,8,94076.23,0,0
78808.57,683,0.178,5.0,58,1,4,5,74228.09,0,1
23331.3,686,0.357,7.4,60,3,6,2,8932.96,0,1
20000.0,645,0.388,10.8,64,2,7,10,47793.01,1,0
78210.56,782,0.309,6.7,57,0,5,9,38049.61,0,1
24749.5,586,0.171,4.3,47,1,4,7,59219.0,0,0
43810.0,622,0.03,5.6,49,1,7,9,45690.64,0,1
27308.23,850,0.104,3.3,35,1,6,6,31680.1,0,1
20000.0,597,0.128,1.3,27,2,8,3,67799.26,0,0
64262.49,572,0.335,10.7,25,1,5,1,34557.91,1,0
71652.09,739,0.524,3.8,27,0,4,1,85812.45,0,0
36744.54,514,0.132,4.5,67,1,4,2,35684.41,0,0
20000.0,661,0.295,23.1,27,0,6,2,53956.76,0,0
37304.82,850,0.213,21.0,56,1,6,10,83472.06,0,1
59629.28,556,0.146,4.4,28,1,11,3,83174.47,0,0
23401.24,521,0.396,0.2,69,1,5,9,60678.75,0,0
53727.48,560,0.46,2.5,37,1,3,7,41092.48,1,1
48646.98,752,0.303,13.8,39,0,6,1,58004.25,0,0
65489.54,770,0.373,1.7,39,3,9,3,85719.94,1,0
52041.16,639,0.297,30.0,60,1,2,6,25784.22,0,1
30135.69,735,0.253,0.4,29,1,4,6,16636.09,0,1
89168.73,791,0.493,4.2,61,3,2,3,60293.06,0,0
45285.18,823,0.114,3.6,52,2,3,6,59534.08,0,0
48356.1,660,0.121,1.5,29,0,5,1,32849.08,0,0
30741.41,496,0.029,14.8,21,1,2,7,46273.78,0,0
39275.61,614,0.332,4.8,58,1,6,3,13410.2,0,0
31495.46,646,0.371,1.3,29,0,5,8,17422.23,0,1
44959.93,659,0.273,2.4,64,0,5,3,83691.53,0,0
115364.76,665,0.321,6.4,25,1,2,10,49124.95,1,1
24687.43,770,0.15,1.8,50,1,5,9,14482.24,1,1
21877.62,782,0.2,10.6,54,2,5,3,96377.5,0,0
102291.84,666,0.222,0.9,52,0,7,8,24944.44,1,0
44149.56,768,0.121,1.5,34,3,5,8,35106.32,1,1
35082.71,709,0.125,0.8,64,2,4,9,97390.83,0,1
82450.41,685,0.297,0.6,58,2,3,5,22184.16,0,1
36213.68,753,0.14,1.8,45,0,5,7,97028.92,0,0
122149.97,686,0.354,30.0,49,2,5,2,73612.78,0,0
68800.27,845,0.494,0.5,47,1,7,8,45557.67,0,0
38408.89,565,0.217,1.2,67,1,4,7,61518.27,0,1
144156.4,639,0.27,1.6,65,1,5,6,53249.75,0,1
36211.88,670,0.08,4.8,30,2,4,2,81450.09,1,1
71043.5,715,0.112,6.8,32,0,7,8,10970.07,0,1
56933.9,781,0.088,7.0,69,1,4,3,82272.24,0,0
93983.14,678,0.293,0.0,30,2,7,10,97209.0,0,0
107018.35,566,0.379,5.3,68,1,5,2,45809.43,0,0
49811.55,747,0.145,5.0,52,0,4,5,23183.22,0,0
33633.94,740,0.446,3.6,21,0,7,7,15336.87,0,1
61696.72,525,0.496,2.4,35,1,3,9,37941.78,0,0
34931.43,680,0.239,8.0,43,1,0,8,17412.16,0,1
134147.29,553,0.29,2.1,61,0,8,1,26822.6,1,0
52484.21,627,0.25,1.3,35,0,5,7,67171.43,0,1
40836.81,608,0.277,1.9,34,2,4,7,44498.93,1,1
53762.97,745,0.039,2.9,66,0,4,10,90596.94,0,1
24995.14,689,0.236,1.2,22,3,5,3,49070.79,0,0
30157.62,577,0.019,4.7,47,1,4,3,19639.51,0,1
89340.21,750,0.431,10.8,44,2,6,8,18170.94,0,1
35296.99,565,0.422,4.5,21,0,10,8,70846.26,0,0
29043.34,706,0.218,3.0,23,3,6,5,65221.08,0,1
64108.12,615,0.53,8.0,38,0,5,10,72247.72,0,0
88685.54,651,0.601,6.9,25,0,2,7,37181.96,1,1
70226.19,720,0.205,2.3,43,0,5,5,91927.95,0,0
80662.08,722,0.393,4.6,50,0,8,7,15807.39,0,0
33577.2,787,0.509,6.5,54,1,6,7,8120.61,0,1
24078.98,673,0.175,1.4,46,2,4,6,75503.92,1,1
103846.26,705,0.081,2.3,38,0,6,6,69322.11,1,0
41716.84,645,0.293,0.6,25,2,7,8,51888.25,0,1
43242.69,695,0.306,22.0,31,2,6,3,9150.84,0,1
95234.45,715,0.303,0.4,40,3,5,9,15849.04,0,0
64738.74,672,0.184,0.9,66,0,9,7,23553.34,0,1
61570.85,536,0.206,3.3,29,0,4,6,65678.71,0,0
144712.05,707,0.05,10.0,39,0,6,10,67989.5,1,1
35533.84,709,0.273,2.2,56,1,5,7,69306.86,0,1
77957.58,626,0.538,7.3,55,1,5,1,81289.65,0,0
50438.32,577,0.364,5.6,68,1,3,7,7355.62,0,1
56066.63,798,0.071,5.1,28,0,6,8,66109.89,0,1
105264.78,719,0.155,9.3,19,1,10,7,28898.49,0,1
63191.05,662,0.18,0.1,35,1,6,1,59248.57,1,1
64160.82,589,0.437,13.2,26,1,5,7,75098.19,0,0
83805.48,614,0.626,8.8,47,0,5,8,73404.47,0,1
40844.34,784,0.109,13.9,65,1,9,5,32350.59,0,1
32221.69,691,0.347,7.9,54,1,7,3,38754.25,0,0
29073.88,636,0.385,10.5,25,2,5,6,92143.81,0,1
20000.0,721,0.047,1.1,24,3,7,7,85644.28,0,1
137050.34,615,0.149,1.9,65,2,6,6,29415.63,0,1
28237.21,800,0.5,1.9,43,0,5,4,60768.58,0,0
43886.99,788,0.03,0.6,66,0,6,1,15191.27,0,0
42684.59,643,0.103,6.5,56,3,5,1,67117.45,0,0
57165.36,630,0.614,0.7,70,2,6,3,64028.27,0,0
73708.15,471,0.315,0.3,63,2,3,7,30072.15,1,1
75375.44,561,0.149,7.5,40,2,8,7,45074.78,0,1
36624.08,573,0.192,11.8,57,0,3,7,79319.12,1,1
45091.05,691,0.368,7.2,43,2,3,1,29266.61,1,0
56460.13,654,0.487,8.7,30,0,4,9,77994.81,0,1
43289.03,572,0.477,4.5,31,1,6,6,35056.64,0,1
109499.23,658,0.09,10.9,39,1,4,3,84758.68,0,1
62660.56,720,0.256,3.4,24,1,5,5,7897.87,1,1
70787.58,722,0.161,22.3,27,1,6,5,29524.06,0,1
68284.67,528,0.144,0.5,44,1,3,7,21874.27,0,1
88144.86,670,0.251,8.3,68,1,5,8,89604.06,1,1
53664.7,569,0.358,5.1,48,1,6,6,45709.38,1,1
25631.67,752,0.124,4.3,39,0,6,2,56832.07,0,1
59864.8,743,0.134,6.5,31,1,8,7,27997.3,0,1
35394.85,608,0.229,9.2,28,2,8,7,17193.77,1,1
37635.07,619,0.514,9.9,52,1,4,7,61833.02,0,1
65721.54,643,0.304,1.0,62,1,5,2,31913.44,1,1
91047.95,500,0.116,1.1,39,1,4,1,93241.37,1,0
49544.96,707,0.499,0.1,47,0,6,6,50253.23,0,1
57206.14,658,0.234,0.7,55,1,4,6,18125.18,0,0
114818.45,758,0.268,1.5,21,0,6,10,7260.15,0,0
55291.62,592,0.297,6.4,36,1,4,10,27066.61,0,0
180023.3,630,0.147,3.2,56,1,5,10,35392.69,0,1
65039.81,559,0.115,7.1,54,0,4,8,24661.92,0,1
20325.24,600,0.029,3.3,21,1,5,6,39732.14,0,0
71444.11,585,0.022,4.1,30,2,3,8,88501.63,0,1
59312.73,760,0.373,0.6,53,1,6,5,9555.49,0,0
93421.46,624,0.211,7.5,32,3,8,5,81116.72,0,1
68637.25,690,0.004,7.1,60,3,3,3,45450.19,0,1
45741.99,650,0.622,1.8,20,2,4,8,91109.65,1,1
26578.31,578,0.377,2.0,28,2,8,5,68369.77,0,0
44156.19,667,0.203,1.2,33,1,3,4,20667.09,1,0
32039.98,728,0.582,8.4,66,1,5,2,96152.46,0,0
36670.88,583,0.364,6.9,59,3,2,1,19697.89,1,0
65794.35,745,0.241,4.7,64,1,4,9,36947.86,0,1
112978.44,612,0.061,1.4,41,0,3,4,97986.49,1,0
59714.84,641,0.228,0.9,61,0,6,7,25125.36,1,1
26958.62,722,0.248,0.3,62,2,2,9,64962.44,0,1
61224.42,627,0.165,0.2,39,1,3,8,97863.44,0,0
89171.41,683,0.288,1.0,70,0,1,8,70447.35,0,0
36138.3,655,0.42,0.5,62,2,12,1,67962.42,0,0
45843.62,690,0.227,4.1,69,1,6,2,64046.85,0,0
49382.14,490,0.064,2.2,63,1,6,9,57768.35,0,0
33108.68,534,0.128,2.9,58,0,5,6,95169.64,0,1
67787.98,729,0.644,4.5,67,0,3,10,56656.9,0,0
46144.17,763,0.049,5.4,40,0,6,7,68013.08,0,1
60461.75,607,0.277,5.2,59,1,3,7,75189.59,0,0
31453.13,660,0.222,1.5,29,2,3,5,55132.46,0,1
39390.14,704,0.367,8.3,56,2,8,8,89333.46,0,1
70346.67,735,0.251,12.5,59,0,5,8,7165.8,0,1
40683.73,518,0.225,1.9,55,2,6,8,42550.48,0,0
116248.09,609,0.46,0.1,62,0,7,2,63579.81,0,0
40142.14,653,0.36,11.5,39,0,4,10,6802.36,1,1
54849.17,736,0.246,12.9,46,2,7,9,94005.28,1,1
78142.97,850,0.279,0.3,19,0,4,9,83506.1,0,0
24120.49,662,0.546,0.0,26,2,4,5,25808.42,0,1
20324.77,567,0.267,8.5,51,0,4,6,36518.42,1,1
22860.64,712,0.477,1.8,47,0,3,2,69329.27,0,0
92160.97,786,0.485,12.3,28,1,5,9,37396.61,0,1
37200.26,689,0.13,1.2,31,0,5,5,86392.2,1,0
176151.49,607,0.127,9.9,36,0,9,5,28605.12,1,1
36970.52,757,0.327,0.4,55,1,6,9,82737.51,0,0
53759.5,733,0.501,1.5,50,1,4,2,49137.03,0,0
105985.22,598,0.163,18.1,22,2,7,2,48070.44,0,1
133658.92,711,0.354,1.3,58,2,5,8,21001.53,0,1
137413.76,760,0.361,0.7,32,1,6,6,98420.27,0,0
89696.15,775,0.027,9.7,53,0,2,7,37758.94,0,1
81799.9,675,0.384,0.6,24,1,4,7,24439.01,0,0
65924.37,651,0.169,0.5,70,2,7,8,8081.96,0,0
72343.47,778,0.272,2.0,22,0,6,9,51883.52,0,1
37212.77,583,0.052,5.0,57,1,2,8,8064.62,0,0
32561.98,715,0.173,6.2,46,2,2,8,48259.28,1,1
48938.16,570,0.252,10.7,22,1,5,2,90751.21,0,0
45022.05,765,0.3,3.9,19,1,3,5,52307.21,0,1
39080.78,659,0.198,2.5,37,0,9,2,9114.51,0,0
69438.29,781,0.238,2.2,60,2,1,2,30115.19,0,0
79035.52,719,0.358,9.4,20,0,3,7,9630.92,0,1
51236.29,582,0.293,6.4,55,2,8,9,88793.34,0,1
102617.63,794,0.105,11.8,52,0,0,8,27810.27,1,1
27699.11,804,0.087,16.6,32,2,6,9,11180.34,0,1
44496.7,751,0.449,1.8,22,1,3,10,96630.92,0,0
34255.03,619,0.376,3.8,66,1,9,8,51278.27,0,0
20000.0,656,0.332,5.0,34,2,5,6,43535.56,0,1
47035.58,692,0.263,0.9,24,0,9,1,93072.52,1,0
46125.73,624,0.178,0.3,53,0,3,2,55429.59,0,0
104477.28,815,0.151,10.1,29,3,4,4,31738.05,1,1
67198.48,692,0.363,3.8,43,1,2,3,80237.19,0,1
29375.22,464,0.14,4.2,21,2,3,3,30819.43,0,0
123877.23,707,0.297,4.0,70,0,3,7,47068.55,0,1
90266.06,652,0.358,7.0,41,1,2,2,81301.25,0,0
65581.5,674,0.109,0.8,70,0,6,7,93486.82,0,0
43772.36,651,0.225,4.8,38,2,2,2,62560.32,1,0
30341.76,745,0.362,3.2,36,1,2,8,52957.04,0,1
40696.47,770,0.244,11.4,66,1,6,4,12236.45,0,0
84488.8,703,0.048,3.7,35,0,2,2,63616.82,1,0
125780.44,653,0.536,14.3,40,1,8,2,36026.67,0,0
106045.31,677,0.266,2.2,22,1,5,1,53877.36,0,0
38390.88,682,0.13,17.0,68,1,2,8,75737.06,0,1
28006.48,616,0.539,10.4,22,1,5,2,65819.28,1,0
52598.51,726,0.089,4.4,58,0,6,8,14208.65,1,1
20247.37,717,0.356,2.2,46,2,5,7,42738.3,1,0
57617.63,803,0.294,2.4,21,2,7,6,23951.95,0,1
45533.28,780,0.169,7.4,18,1,4,10,19356.29,0,1
38831.29,625,0.089,4.3,67,0,6,1,25933.52,0,1
22084.88,746,0.453,2.6,57,1,5,5,92464.95,1,0
63373.44,604,0.216,5.1,54,0,5,5,72688.37,0,1
37558.3,736,0.423,6.6,41,2,6,2,91269.92,0,1
27310.91,639,0.033,0.1,30,1,6,1,53113.57,0,0
20000.0,598,0.452,0.5,53,0,6,8,5106.5,1,0
48351.02,702,0.482,0.5,50,0,3,7,8271.03,0,0
118910.43,466,0.343,1.3,56,3,5,6,18746.05,0,0
112491.12,540,0.175,2.8,37,2,5,3,79168.35,0,0
39005.26,666,0.219,8.1,69,0,5,1,24157.49,0,0
36275.36,687,0.297,2.2,21,3,3,2,14651.65,0,0
61968.85,650,0.251,0.1,22,0,7,5,86794.33,0,0
29756.63,554,0.186,3.3,66,2,2,8,26711.32,0,0
57005.1,615,0.477,28.5,52,1,3,1,52729.74,0,1
71900.62,711,0.137,2.1,35,2,5,2,37249.79,0,1
90532.72,727,0.492,16.3,58,1,5,7,90172.51,0,1
46626.44,679,0.191,0.5,42,1,7,5,71951.31,0,0
44274.45,773,0.302,1.0,19,1,6,3,48122.22,0,0
31603.04,712,0.435,6.4,52,1,6,9,86990.69,0,1
32420.94,620,0.131,3.5,31,0,5,5,74039.5,0,0
43772.48,658,0.156,7.2,24,2,3,5,81843.25,0,1
58905.09,568,0.22,10.0,30,1,5,2,97868.75,0,1
77403.89,671,0.287,1.4,43,1,3,7,24299.42,0,0
32807.44,769,0.601,5.7,21,1,5,2,24236.51,0,0
103398.35,735,0.049,4.7,64,1,6,8,57867.63,0,1
42806.2,792,0.182,9.9,47,2,5,5,55597.79,0,1
48499.87,656,0.247,2.8,33,2,4,7,87566.28,0,1
33738.48,788,0.367,0.3,54,2,9,9,19811.76,0,1
20000.0,665,0.24,4.3,60,2,3,1,45379.06,1,0
76269.07,798,0.096,16.0,50,2,3,9,55151.55,1,1
70857.21,678,0.244,0.1,29,0,6,2,49093.14,0,0
42588.36,737,0.13,1.4,24,0,3,4,11374.77,0,0
50690.58,798,0.433,1.9,63,2,5,9,19046.03,0,1
63447.6,665,0.616,7.3,30,0,3,9,19588.65,0,0
22442.84,697,0.278,2.0,19,3,4,2,61622.96,0,0
37626.87,783,0.084,1.4,51,2,5,1,45741.88,0,0
72921.03,669,0.121,5.2,26,1,8,6,21926.37,0,0
26182.73,574,0.193,0.2,70,1,4,8,74982.02,0,0
56770.89,850,0.509,0.9,63,1,4,3,81281.79,1,0
24877.25,642,0.122,2.6,50,2,2,7,24962.69,0,0
61896.26,693,0.1,2.2,61,2,6,5,73662.61,0,1
48154.95,772,0.046,2.1,42,0,4,8,11043.4,0,1
21860.44,631,0.299,0.6,59,2,4,7,86314.23,0,0
87760.75,599,0.082,2.2,52,1,8,4,96458.88,0,1
33952.04,700,0.098,8.0,19,0,7,5,19807.54,0,1
32691.61,537,0.481,2.7,67,1,5,5,79685.2,0,1
54191.78,657,0.305,4.4,63,1,10,3,14243.49,0,0
87057.03,700,0.332,0.9,68,0,4,10,96318.89,0,0
29498.33,658,0.144,0.4,56,0,4,5,47946.8,0,1
50556.15,557,0.515,10.6,39,0,7,7,55851.37,0,1
60743.07,808,0.441,2.0,29,3,6,9,77570.14,1,1
69324.44,688,0.268,2.2,27,0,3,5,28634.37,0,0
53541.95,794,0.121,10.5,26,1,5,7,42891.8,0,1
40801.99,659,0.532,6.2,29,0,4,2,11651.11,0,0
32409.44,610,0.097,7.1,47,2,4,9,63388.95,1,1
51178.35,702,0.278,5.7,54,2,5,10,80936.47,0,1
28679.29,663,0.065,0.6,34,2,7,9,85924.87,0,1
20000.0,586,0.596,15.8,47,1,4,7,55953.38,0,0
60978.7,798,0.236,12.0,36,1,4,8,77751.53,0,1
77031.32,630,0.092,1.3,54,1,6,4,19241.11,1,0
20000.0,533,0.065,8.1,69,1,3,4,75624.23,0,1
29588.31,786,0.451,2.6,54,0,6,7,5431.21,0,0
66807.93,640,0.165,5.8,21,1,2,10,23510.3,1,1
137138.65,631,0.026,0.9,43,0,4,2,65290.57,0,0
49533.12,539,0.218,3.9,58,2,5,2,35451.3,1,1
34064.07,819,0.748,0.7,46,1,2,7,44007.91,0,0
44736.8,577,0.185,3.8,67,1,4,3,83476.35,0,0
97483.48,685,0.714,1.4,21,1,5,8,59254.16,0,1
35490.41,753,0.581,3.0,33,2,8,9,42901.61,1,1
32872.9,714,0.339,5.5,29,1,5,7,49247.47,0,1
38508.27,675,0.147,10.5,58,1,3,5,85600.94,1,0
30434.61,544,0.362,0.9,45,0,6,3,51131.19,1,0
52121.62,615,0.215,11.2,25,0,1,1,88158.19,0,0
110452.32,695,0.319,2.5,33,0,2,1,28474.44,0,0
57615.08,617,0.129,9.3,45,0,7,3,55706.94,0,0
43209.83,696,0.16,3.6,70,2,5,9,40057.9,0,0
42365.7,735,0.374,9.9,37,2,6,8,61173.3,0,0
22435.61,757,0.306,5.4,26,0,6,10,59673.5,0,1
76233.39,582,0.035,3.6,44,0,6,2,59274.39,1,0
47149.63,850,0.416,1.9,34,1,6,7,55138.44,1,1
44790.89,741,0.242,17.4,47,1,1,5,48171.04,0,1
200000.0,680,0.128,8.1,42,2,1,5,91485.43,0,1
56918.54,767,0.488,2.4,54,1,9,8,30455.56,0,0
33661.31,850,0.222,0.9,66,2,6,10,46225.61,0,1
39609.38,565,0.237,7.6,28,0,6,1,25064.77,0,0
87048.69,662,0.403,23.0,61,1,1,10,36564.14,0,1
51877.23,490,0.21,1.6,67,3,7,2,28653.35,0,1
23881.54,695,0.042,12.4,37,0,4,7,68623.31,0,1
77622.64,709,0.121,0.7,24,1,7,1,72223.22,0,0
35099.0,677,0.45,15.2,61,0,6,7,31289.91,0,1
125072.5,628,0.097,6.8,54,1,7,6,98443.24,0,1
84122.05,516,0.34,2.1,29,0,8,7,32001.45,0,1
39196.36,710,0.312,1.8,41,2,2,3,83697.39,0,0
93014.27,796,0.341,5.2,48,3,6,7,32796.92,0,1
50712.5,633,0.249,4.5,27,2,1,2,44253.33,0,0
75085.81,715,0.12,12.6,55,1,5,1,68148.27,0,0
62465.3,555,0.203,7.3,54,3,2,6,57978.33,0,1
32106.75,717,0.206,3.9,64,2,3,2,53089.18,0,0
35533.28,649,0.527,13.1,47,1,3,2,80450.82,0,0
82041.49,619,0.407,4.5,48,0,2,5,72233.48,0,0
41465.31,619,0.121,9.5,50,1,5,3,91845.85,0,0
40061.69,649,0.391,9.2,32,2,2,8,26930.47,0,1
30407.32,711,0.068,12.6,57,0,9,1,6550.23,0,0
60584.81,575,0.301,0.3,52,1,6,8,99986.55,1,1
137483.95,648,0.283,4.4,62,3,4,2,31924.39,0,0
28745.41,677,0.14,3.2,58,1,3,9,9079.94,0,1
49618.04,592,0.066,3.4,51,1,5,6,28498.15,0,1
99320.8,824,0.128,3.1,26,3,8,7,68534.13,0,1
47107.11,612,0.132,9.1,66,0,11,7,60870.55,0,1
61462.71,626,0.133,1.9,37,3,9,10,24637.31,1,0
28819.38,602,0.379,3.1,68,2,6,1,22691.16,0,1
60727.6,824,0.037,1.1,39,1,4,5,47212.52,0,0
44641.89,724,0.489,1.4,26,0,3,10,6283.06,0,0
80247.03,605,0.119,5.4,64,0,4,2,5225.99,0,0
88760.15,768,0.323,0.6,59,1,3,8,63600.67,0,0
178935.7,696,0.373,1.0,59,2,7,2,35902.12,0,1
65500.73,701,0.477,3.8,23,1,4,5,7271.98,0,0
57693.41,652,0.393,0.2,64,2,5,9,48681.75,0,0
54024.46,620,0.18,0.7,49,1,2,9,93877.86,0,1
41085.76,707,0.144,10.0,42,1,5,9,29216.93,0,1
58060.56,636,0.408,9.4,65,3,5,6,28851.02,0,1
42289.72,825,0.437,2.1,53,2,3,4,49458.55,1,0
53328.73,578,0.277,2.1,25,3,6,1,19103.78,0,0
94731.21,803,0.121,13.8,45,0,4,9,65604.24,0,1
29635.51,671,0.223,0.1,51,2,7,10,84729.29,1,1
86676.6,704,0.363,4.3,65,1,7,3,23479.92,0,0
94708.36,747,0.106,4.5,33,3,4,1,67579.65,0,0
46210.66,630,0.33,7.8,59,1,4,1,89360.44,0,0
20000.0,749,0.17,15.2,60,0,4,2,90792.46,1,1
36173.75,463,0.157,2.2,25,1,4,9,57523.94,0,0
93760.34,622,0.24,2.9,19,0,6,1,19467.92,0,0
48463.49,606,0.476,5.6,48,0,5,3,67621.3,0,0
29742.99,580,0.379,17.1,59,1,2,10,74807.31,0,1
38086.4,663,0.327,11.1,47,2,4,4,76659.82,0,0
74630.91,711,0.764,5.5,60,0,7,5,93762.21,0,1
64432.07,736,0.47,9.7,50,0,5,3,63451.02,0,0
43500.77,699,0.242,0.4,52,2,6,1,49280.66,1,0
40806.14,627,0.22,2.4,19,1,6,3,52742.34,0,0
40300.57,710,0.413,0.1,23,3,2,4,35546.5,0,0
30908.76,690,0.329,1.0,56,0,5,8,10440.27,0,0
109939.76,755,0.093,5.0,58,1,5,2,73159.27,0,0
41724.33,742,0.144,10.8,46,0,2,3,6885.72,0,1
90091.33,682,0.092,5.0,49,3,9,9,11090.76,1,1
104889.01,608,0.122,5.5,50,2,3,8,36742.07,0,1
80753.41,628,0.168,0.5,23,2,6,5,93451.13,0,0
39505.29,636,0.24,5.5,53,0,4,9,50897.73,0,0
59985.91,655,0.177,3.0,43,3,8,1,25441.97,0,0
48431.33,701,0.18,5.3,49,3,5,6,90219.66,0,1
31199.24,737,0.34,2.0,47,1,0,8,59310.63,1,1
57651.97,676,0.242,4.4,58,1,7,8,40132.23,0,0
27186.62,681,0.5,2.8,35,3,5,2,72993.59,0,1
88773.17,691,0.387,4.1,37,1,4,8,46906.55,0,0
38858.86,639,0.348,0.8,38,0,5,1,74347.97,0,0
54207.79,606,0.418,2.5,58,2,7,2,25745.77,0,0
56480.12,540,0.114,2.3,40,1,4,1,19267.33,0,0
43068.52,624,0.371,6.7,27,3,8,4,48789.03,0,1
65732.38,718,0.155,6.1,69,1,6,2,35361.72,0,0
38659.51,624,0.498,12.0,44,0,8,8,62489.53,0,1
75784.47,661,0.279,5.0,24,1,9,2,79935.31,0,0
25009.48,717,0.173,1.9,53,2,11,6,90642.91,0,0
52218.38,722,0.542,7.6,56,0,6,8,77250.14,0,1
129244.92,594,0.359,3.4,44,1,9,3,37466.18,1,0
29727.69,760,0.217,1.1,52,0,5,9,74099.75,0,0
34930.91,770,0.564,6.9,27,1,7,10,55339.19,0,1
63383.19,590,0.584,0.7,37,3,3,9,91077.66,0,0
53626.09,614,0.23,1.0,26,1,0,5,72153.69,0,0
58414.24,775,0.041,7.1,38,1,3,3,19272.55,0,1
62604.57,668,0.221,7.4,47,1,8,3,12419.08,0,1
67329.97,502,0.374,7.8,41,1,7,5,56664.62,0,1
85378.53,568,0.205,1.7,49,1,1,3,39679.0,0,0
60168.81,660,0.104,10.1,44,2,1,2,20969.21,1,0
43450.22,587,0.282,6.4,35,2,3,2,80777.15,0,0
68616.4,647,0.172,9.0,25,1,4,5,40665.14,0,1
126746.08,683,0.424,6.2,31,3,3,7,13171.41,0,1
45875.35,797,0.058,4.3,28,2,4,1,29915.31,1,1
30113.7,657,0.532,0.6,55,0,5,2,69303.98,1,0
85266.79,766,0.455,6.2,61,1,5,4,66554.2,0,0
46157.25,794,0.069,5.9,55,3,3,3,29934.13,0,1
20000.0,795,0.124,1.9,51,3,6,2,37414.55,0,0
74885.15,703,0.235,6.7,34,1,7,10,9733.36,0,1
37508.99,523,0.534,4.0,55,2,3,5,95560.06,0,0
46851.27,717,0.148,4.1,49,1,3,4,36079.9,0,0
57872.07,764,0.203,2.3,20,0,3,8,93293.99,0,0
53919.63,674,0.422,0.6,65,2,5,7,82318.63,0,0
69893.36,820,0.284,1.2,22,3,5,7,36842.14,1,1
39429.0,749,0.253,7.3,44,1,8,2,70944.02,0,0
63357.77,725,0.123,1.6,45,0,3,5,49994.41,1,1
43054.7,767,0.396,0.0,62,2,6,8,97781.86,0,0
70926.91,707,0.524,29.1,65,1,5,10,65656.3,0,0
66681.56,481,0.409,1.2,67,0,5,9,54312.06,0,0
30708.07,640,0.262,5.3,48,0,6,6,65607.14,1,1
84372.02,776,0.317,13.1,53,0,9,1,25923.72,1,1
37497.08,615,0.19,4.6,23,1,3,8,34107.04,0,0
73425.67,662,0.376,8.0,43,0,4,3,72706.09,0,1
58902.79,596,0.361,18.7,65,0,3,4,12953.28,0,0
122895.77,823,0.332,9.8,42,3,7,7,33746.01,1,1
43838.47,815,0.204,4.1,22,3,1,5,63858.86,0,0
41164.92,609,0.25,2.3,28,0,3,3,99591.16,0,0
48547.12,692,0.174,3.3,40,0,3,7,92938.4,1,1
42125.57,626,0.309,9.2,30,1,4,9,84061.1,0,1
73128.32,729,0.224,9.6,38,0,3,7,52577.99,1,1
21847.56,721,0.2,9.3,35,0,7,5,81450.7,0,0
28945.17,745,0.782,4.5,35,1,4,5,58098.14,0,0
28741.53,707,0.037,3.2,23,3,13,8,48553.57,1,1
78838.27,850,0.34,1.9,64,3,8,2,26234.74,0,0
115301.61,598,0.076,0.0,54,2,3,6,95338.38,0,0
46526.41,543,0.256,7.2,50,1,7,1,61829.17,0,0
45052.74,649,0.412,1.6,50,2,5,1,69159.04,1,0
50768.23,555,0.132,2.0,39,1,0,1,18402.39,1,0
87635.3,561,0.056,9.3,61,1,5,8,45930.85,0,0
30832.46,600,0.345,0.3,66,1,7,6,96642.97,0,1
55225.74,606,0.151,13.1,18,2,12,6,76978.61,0,1
79825.54,604,0.113,0.0,22,0,7,1,88867.35,0,0
62978.4,721,0.213,14.0,53,0,0,10,42608.59,0,1
53894.88,640,0.602,3.0,30,3,10,1,11314.97,0,1
80863.92,666,0.196,0.5,65,1,6,9,38390.51,0,0
20000.0,752,0.167,5.6,53,0,3,9,40719.47,1,1
68798.53,619,0.21,11.3,37,1,3,10,33606.7,1,1
35346.77,659,0.099,2.9,40,0,5,4,55037.04,1,0
20000.0,709,0.214,5.9,54,0,5,1,23252.45,0,1
63297.51,525,0.53,19.4,25,0,4,1,94078.77,0,0
97424.14,489,0.117,1.4,64,1,3,7,91214.79,0,1
45765.04,708,0.125,8.6,18,0,8,1,29852.12,0,1
78939.52,719,0.384,1.7,69,1,6,9,66891.03,0,1
109769.62,845,0.42,2.8,27,0,7,8,52608.26,0,0
94604.21,693,0.489,1.7,57,0,9,9,28756.47,0,0
111299.75,746,0.049,3.0,20,2,5,8,90224.42,0,1
71044.64,664,0.192,0.0,40,2,6,6,26951.07,0,1
50905.02,704,0.407,1.8,51,1,5,2,64339.16,0,0
22004.83,813,0.088,2.9,22,0,4,7,36858.81,0,0
43345.96,510,0.479,5.0,41,0,5,5,83480.24,0,1
32156.72,713,0.419,5.1,34,2,4,8,63931.45,0,1
145142.51,850,0.085,4.4,44,0,9,1,84096.35,0,1
44893.89,703,0.185,1.7,44,2,5,5,38032.65,0,0
52135.55,812,0.198,14.7,59,1,7,8,6060.81,1,0
64585.34,630,0.333,2.5,24,2,5,8,26057.27,0,1
50101.25,677,0.215,1.2,22,1,4,6,82369.44,0,1
114407.91,683,0.144,4.0,39,1,7,1,35102.35,0,1
35906.56,503,0.552,6.9,64,0,3,10,35368.1,0,1
54030.49,587,0.182,0.1,62,1,4,7,47715.93,0,0
33818.55,592,0.253,1.6,47,2,5,3,31093.94,0,0
25336.18,746,0.354,8.7,64,0,3,2,81674.46,0,0
36102.43,750,0.187,3.5,60,1,5,5,35562.58,1,1
48121.37,706,0.36,2.6,32,1,4,3,62375.68,0,0
39551.1,746,0.203,13.4,27,1,2,2,47847.45,0,1
34675.53,667,0.608,0.5,34,0,4,8,32298.91,0,0
24266.24,776,0.165,4.8,30,3,6,8,30204.48,1,0
47025.59,681,0.208,2.1,50,1,4,4,52679.94,0,1
23101.2,685,0.449,0.4,48,3,5,2,25030.3,0,0
71684.37,659,0.482,1.2,49,2,9,4,37835.65,0,0
51083.66,735,0.254,4.9,28,0,3,10,8740.99,0,0
23652.5,646,0.614,0.1,59,0,4,3,80078.77,0,0
41998.76,758,0.068,4.5,41,2,7,10,9145.83,0,1
33655.16,589,0.248,15.7,43,1,3,1,87865.9,1,1
57502.7,592,0.201,7.9,70,0,2,7,9501.29,0,1
95819.86,735,0.275,2.1,33,3,3,3,85576.5,0,0
20000.0,673,0.15,0.7,38,1,5,5,66195.55,0,1
51922.79,644,0.283,3.1,53,1,4,1,53065.23,0,0
45248.9,751,0.097,2.5,64,1,4,9,18770.62,0,0
68574.09,631,0.24,17.8,25,2,7,7,29394.22,0,1
54535.02,664,0.239,23.0,56,0,7,7,70562.94,0,0
33658.31,792,0.297,2.6,66,1,5,8,53654.28,0,1
41792.54,803,0.245,0.8,40,1,5,3,53862.88,1,0
32924.99,806,0.19,12.1,33,2,1,8,17657.24,0,0
83952.26,657,0.131,7.9,53,2,4,8,50134.3,0,1
49545.95,778,0.339,3.6,31,1,5,8,61075.87,0,1
126829.04,604,0.186,2.3,38,1,6,7,16619.11,0,0
47556.3,607,0.381,3.0,65,1,7,1,97561.83,0,0
34399.48,492,0.193,11.6,49,1,4,10,83854.77,0,1
22997.55,814,0.115,1.0,23,3,5,7,35159.18,0,1
20000.0,611,0.074,8.2,35,1,4,8,58521.76,1,1
22201.88,670,0.154,0.1,51,3,5,7,58101.68,0,1
56025.56,607,0.587,12.7,43,2,3,9,15130.04,0,1
63219.15,736,0.083,3.5,52,0,2,5,46627.47,0,1
22234.59,650,0.117,1.3,58,2,3,1,24737.42,1,1
76689.43,576,0.244,0.0,43,0,9,1,36655.87,0,0
38502.15,715,0.164,4.1,69,1,7,8,94667.6,0,1
52754.09,565,0.238,1.4,66,1,5,8,57375.73,1,0
109766.46,613,0.345,5.0,21,2,6,8,11355.88,0,1
76758.52,511,0.533,1.7,32,0,6,5,68867.07,1,1
42861.73,566,0.184,0.5,34,2,4,2,99870.8,0,0
31395.0,694,0.628,3.5,28,3,4,8,20931.14,0,1
20000.0,523,0.494,4.2,34,0,2,6,69877.39,0,0
34215.13,562,0.153,3.0,40,2,7,8,83304.58,1,0
44109.7,680,0.505,3.1,21,0,7,6,85185.88,0,0
29923.82,637,0.137,4.5,25,0,4,8,72215.1,0,0
45906.94,839,0.084,3.7,23,3,4,2,91437.36,0,0
50941.13,827,0.117,0.7,20,1,5,2,8048.5,0,1
43808.01,611,0.213,1.1,43,1,6,2,11096.01,0,0
35418.82,725,0.036,0.8,35,1,4,9,17781.29,1,1
53333.89,740,0.117,5.9,67,0,5,8,9114.79,1,0
61142.98,632,0.054,3.8,23,1,6,8,16395.05,0,0
28418.64,560,0.637,2.8,66,0,5,8,82610.31,0,0
99256.85,679,0.193,8.0,23,0,4,1,90163.46,0,1
46662.96,666,0.366,2.0,50,3,9,6,36918.46,0,0
49485.0,645,0.174,4.2,31,3,5,7,95932.5,0,1
69850.13,715,0.245,0.4,61,1,8,2,44751.92,1,0
55083.64,620,0.072,6.8,21,0,7,5,21338.08,0,1
78949.87,588,0.147,5.9,68,1,6,5,69723.68,0,1
56588.56,689,0.291,8.1,20,2,5,5,44929.97,0,1
36090.37,711,0.07,10.8,31,0,12,1,6846.24,1,1
58732.69,586,0.16,7.1,42,0,6,7,96803.81,0,1
27670.91,754,0.275,9.3,57,2,3,7,61800.37,0,0
51755.18,538,0.097,2.1,67,1,4,4,63266.55,0,0
48213.05,634,0.511,2.1,40,0,11,4,98354.53,0,0
44176.2,659,0.222,14.4,57,0,2,1,84182.94,0,0
45969.4,629,0.351,12.3,56,2,4,4,39453.2,0,0
20000.0,635,0.216,4.0,48,1,4,5,8973.61,0,1
37258.58,830,0.31,2.3,54,0,7,4,26126.17,0,0
51350.11,612,0.166,10.0,20,2,6,6,38395.14,0,1
53099.79,850,0.101,2.0,41,2,4,8,96224.08,0,0
29324.03,715,0.097,0.8,59,0,10,6,89423.64,0,0
92305.03,687,0.336,5.1,43,1,1,9,7045.18,0,1
31790.18,718,0.219,0.2,63,0,3,6,98786.63,0,0
79596.75,850,0.155,2.4,61,1,6,4,29426.37,0,0
60693.82,601,0.083,8.2,63,0,5,8,78660.35,0,1
35485.74,590,0.216,1.7,25,1,6,9,16076.63,0,0
119092.46,620,0.23,13.4,31,1,6,1,25930.14,0,0
26988.92,683,0.331,15.6,20,1,2,1,53016.09,0,0
77619.74,542,0.33,8.5,69,1,8,1,71843.13,0,0
80845.17,682,0.463,22.0,30,0,8,9,37812.89,0,1
35055.57,815,0.051,3.8,37,3,0,8,87959.27,0,1
98344.57,692,0.303,4.2,32,0,6,4,94318.5,0,0
43259.7,657,0.198,9.0,20,1,2,9,16643.68,1,1
56632.98,631,0.215,3.4,32,0,5,7,73263.78,0,1
55835.26,752,0.166,2.6,23,1,4,7,17531.48,0,1
45836.94,614,0.077,4.8,39,0,5,1,37372.72,0,0
73526.72,828,0.145,5.4,68,0,3,9,82858.27,0,0
72892.74,835,0.231,6.9,54,1,3,9,36953.52,0,1
20449.92,701,0.313,5.5,55,0,5,3,91202.76,1,1
94105.34,679,0.338,6.8,42,1,8,1,44089.85,0,1
21348.87,762,0.103,5.6,60,0,5,1,34430.66,0,0
82147.62,768,0.246,3.3,65,0,1,1,98966.73,0,0
86107.57,616,0.3,0.7,68,2,2,6,46942.82,0,0
28410.58,638,0.257,7.7,23,0,3,6,75390.82,1,0
39918.41,574,0.032,0.2,64,0,4,1,61948.02,0,1
28201.99,713,0.261,24.5,30,0,7,1,24236.14,0,0
44026.17,733,0.177,8.8,39,0,4,1,52529.7,0,0
42023.44,572,0.182,5.6,36,0,4,9,12354.78,0,1
72390.49,644,0.444,17.0,53,0,6,8,72330.8,0,1
94386.6,572,0.412,4.7,49,0,7,1,54299.44,0,0
98502.96,608,0.182,0.3,24,2,6,1,16625.71,0,1
37008.98,724,0.211,4.1,59,0,6,1,77842.15,1,0
44151.8,621,0.106,1.6,41,2,8,5,81433.36,0,1
21126.45,656,0.079,2.3,18,2,3,6,74713.82,0,1
32763.32,550,0.439,3.1,40,0,7,8,36260.43,0,0
79413.67,695,0.526,7.4,45,0,5,2,73700.99,1,0
109951.15,676,0.414,3.5,22,0,4,6,59882.36,0,0
26445.08,622,0.635,3.2,26,1,4,6,56668.55,0,0
36452.59,665,0.294,1.8,70,1,1,3,66630.58,0,0
48377.84,694,0.241,3.9,63,1,4,2,64858.43,1,1
56391.89,615,0.325,1.4,25,1,6,1,80918.83,1,0
32702.22,562,0.284,1.5,48,0,9,5,98668.54,0,0
60598.81,824,0.279,7.1,38,2,5,1,73996.36,0,0
38680.09,629,0.25,2.1,46,1,2,7,46968.41,0,0
48667.85,672,0.269,0.3,42,3,4,3,48858.46,1,0
64417.6,761,0.369,2.1,21,1,5,1,7781.56,0,0
49178.47,850,0.117,5.1,34,0,7,5,20191.08,0,1
39411.27,580,0.398,8.4,25,2,3,9,26676.07,0,1
46406.51,716,0.353,16.3,43,1,2,2,99080.94,0,1
46902.14,623,0.051,6.9,65,2,6,8,77494.38,0,1
40741.17,637,0.306,2.8,70,1,4,5,18446.78,0,1
43070.86,622,0.416,1.8,67,2,6,2,52345.34,1,0
109024.03,590,0.14,0.7,69,3,7,7,25285.66,1,1
64890.71,677,0.377,4.9,19,1,5,5,33273.31,0,0
42288.05,562,0.497,3.6,56,0,8,6,62435.06,0,0
69457.98,756,0.288,5.7,32,1,1,1,61908.6,0,0
41485.13,684,0.371,1.4,63,3,2,8,87821.52,0,0
88129.47,714,0.095,2.0,60,1,6,10,20635.14,0,1
58972.18,643,0.413,1.7,40,3,2,6,52253.17,0,1
46460.09,651,0.278,8.0,43,1,5,1,61889.07,0,0
61319.82,703,0.473,0.9,32,3,7,7,93394.6,0,0
22349.56,587,0.406,4.7,33,0,5,5,54060.22,0,0
27906.54,651,0.259,0.3,69,1,2,8,37362.88,1,1
26985.03,611,0.278,4.0,64,1,7,8,32753.18,0,1
52652.63,609,0.198,0.3,28,1,4,9,25529.42,0,1
116571.2,511,0.283,1.0,32,0,6,6,96424.93,1,0
149589.49,787,0.523,0.6,24,3,4,3,62279.14,0,0
67442.16,625,0.25,2.1,69,3,8,8,33834.71,1,1
62970.54,773,0.52,2.1,65,2,4,10,75785.77,0,1
20000.0,766,0.53,8.8,47,0,6,7,32481.12,0,0
37371.48,577,0.136,1.3,54,0,2,5,52864.59,0,0
33060.95,593,0.231,0.5,57,1,8,7,7467.75,1,1
35938.92,850,0.167,4.6,29,2,5,8,85424.18,0,1
45068.02,820,0.442,5.8,67,0,5,7,95872.44,0,1
38713.93,677,0.261,1.7,45,1,5,8,87246.76,0,0
20000.0,701,0.279,4.6,23,1,3,1,21255.8,1,1
71250.36,630,0.431,7.5,39,2,5,6,83400.78,0,1
28670.63,715,0.618,2.1,49,1,7,1,37965.67,0,0
55249.99,623,0.617,3.7,36,1,4,1,93946.76,0,0
138280.75,517,0.223,0.8,54,0,3,9,33412.4,0,1
30955.55,574,0.541,0.1,64,0,8,8,13493.08,0,1
20000.0,682,0.377,19.9,58,3,2,7,86027.45,0,1
42488.89,590,0.389,1.8,51,1,4,9,16081.42,1,0
85006.23,675,0.639,1.6,45,3,7,6,56436.33,0,0
130505.9,594,0.111,18.1,31,0,6,9,40715.05,0,1
26508.62,617,0.235,6.5,42,1,6,1,76901.15,0,1
62840.16,748,0.528,4.4,33,1,4,7,76145.46,0,0
38845.39,700,0.222,6.0,67,3,3,2,78733.06,1,1
46491.55,679,0.343,6.2,65,3,4,7,11011.8,0,1
183904.46,750,0.188,7.2,26,0,5,2,86545.66,0,0
23121.42,718,0.215,0.3,61,0,2,8,49301.33,0,1
55651.81,796,0.371,2.7,55,2,5,1,25822.5,0,0
61935.36,643,0.421,1.7,69,2,9,10,33395.1,0,0
84363.76,646,0.194,0.4,42,1,6,3,90760.52,0,0
51482.21,576,0.419,2.7,56,2,2,10,5569.35,0,0
57183.76,646,0.245,4.8,45,0,5,1,81163.6,1,0
40302.78,757,0.401,1.0,22,1,1,6,92773.31,0,0
56081.62,784,0.273,1.8,20,2,6,8,28755.2,0,0
41291.17,757,0.337,5.1,24,0,6,8,83090.24,1,1
66888.74,536,0.262,4.3,33,2,4,1,20303.54,0,0
40749.34,767,0.082,10.2,31,3,8,4,6541.4,0,1
59192.5,533,0.222,7.8,56,2,6,5,62434.56,0,0
48308.78,752,0.286,16.9,55,0,6,8,66389.26,0,1
86079.38,651,0.252,4.5,69,1,5,7,19263.52,1,1
47777.17,736,0.665,6.0,34,1,4,7,53684.42,0,1
20200.93,573,0.418,9.8,67,0,4,2,41621.71,0,0
92130.45,774,0.339,9.2,50,3,4,9,12244.52,0,1
31167.58,563,0.283,6.3,44,0,7,6,53235.52,0,1
35352.23,627,0.063,3.5,53,2,2,9,60587.98,1,0
36394.37,600,0.273,1.6,55,1,7,8,25631.35,1,0
97462.12,540,0.405,10.5,27,1,8,7,75279.07,0,1
20000.0,688,0.178,7.5,57,0,4,7,11897.14,0,1
200000.0,824,0.177,9.1,56,0,2,8,57344.54,0,1
83118.98,850,0.117,0.8,70,1,10,1,33822.07,0,1
54809.54,688,0.134,1.9,65,1,5,1,46426.94,0,0
47693.62,769,0.802,2.8,54,2,3,9,89879.99,0,0
56544.15,699,0.417,9.1,55,0,3,10,68645.65,0,1
63612.24,720,0.345,11.2,67,0,5,2,19143.47,1,0
67684.18,653,0.342,1.7,68,2,2,7,89199.07,0,0
64718.49,696,0.609,5.8,61,2,4,9,40419.18,0,1
51266.37,723,0.487,0.4,58,0,2,2,37422.03,0,0
44414.92,634,0.053,2.6,24,0,4,9,52645.96,1,1
45449.78,674,0.149,3.3,61,0,4,1,24502.93,0,0
44468.92,675,0.36,7.3,31,0,6,2,91852.42,0,0
86412.28,746,0.309,11.1,47,0,6,7,49449.46,0,1
65958.32,595,0.287,2.1,39,1,5,6,42413.16,0,0
20000.0,676,0.107,3.8,36,3,3,9,21241.94,0,0
68046.76,833,0.236,5.2,34,0,14,5,81254.74,1,1
54033.96,773,0.389,2.0,62,2,6,2,95519.38,0,0
48564.38,788,0.197,21.2,58,1,6,6,87611.3,0,1
40365.91,682,0.093,10.4,45,3,4,7,20342.21,0,1
85996.03,706,0.434,1.8,53,2,6,5,76403.47,0,0
78728.71,760,0.089,3.5,69,2,6,9,24395.57,0,0
33308.28,805,0.426,1.3,39,1,6,8,8689.27,0,0
60085.64,524,0.247,3.6,47,2,11,10,51024.81,0,0
30156.98,575,0.247,5.7,46,1,4,9,68686.16,0,0
24592.36,785,0.387,0.4,67,0,6,9,16807.32,0,0
35833.6,658,0.198,10.2,36,3,3,7,62524.3,0,0
75447.83,626,0.533,4.5,69,2,1,1,85146.32,0,0
78949.41,580,0.152,22.8,34,0,11,1,24855.99,0,1
63357.13,636,0.383,0.1,24,2,6,10,45639.99,0,0
70442.21,568,0.181,8.9,28,1,4,6,52386.07,0,1
63455.18,847,0.32,7.9,40,0,2,4,83965.12,0,0
35570.05,678,0.307,0.7,52,1,5,8,78280.78,0,1
60837.48,675,0.354,2.0,45,1,6,8,78086.13,0,0
73145.42,727,0.108,10.8,38,1,7,6,69508.64,0,1
71478.05,757,0.472,3.7,47,0,10,1,63689.97,0,0
88827.95,756,0.419,2.6,62,3,3,7,53344.31,0,0
69853.25,766,0.339,11.8,62,3,6,9,40113.77,0,1
58438.14,630,0.178,0.5,56,0,5,8,53756.62,0,0
83706.77,656,0.177,3.2,68,1,5,9,86103.38,0,1
48375.05,742,0.468,5.3,49,0,4,5,59205.91,0,0
31541.6,638,0.125,4.7,18,2,7,7,98632.56,0,1
45182.56,680,0.206,1.5,33,2,8,7,18540.65,0,1
33777.45,712,0.582,4.1,35,1,5,1,46909.71,0,0
34975.77,743,0.216,6.2,46,2,4,4,24026.65,0,0
45603.54,538,0.348,4.4,65,2,3,2,39684.49,0,0
32984.4,737,0.221,5.8,62,1,3,2,80027.62,0,1
42024.97,661,0.571,1.5,30,1,3,10,83353.57,0,0
20000.0,737,0.597,8.9,45,0,7,9,8013.32,0,1
54537.67,742,0.474,3.0,52,0,2,9,95570.11,0,0
49050.36,809,0.313,21.8,69,1,6,8,87827.84,1,1
32580.06,788,0.301,0.1,20,0,3,4,90972.13,1,0
68160.66,788,0.411,2.4,42,0,9,4,40794.04,1,1
78337.76,795,0.435,1.0,69,0,8,8,52211.19,0,0
21943.36,703,0.273,4.1,69,1,4,9,21007.82,0,0
33477.79,683,0.434,1.4,35,3,5,8,42699.08,0,0
33370.54,750,0.322,6.7,18,2,4,3,16983.88,0,1
30639.6,739,0.092,10.7,49,2,3,5,87012.16,0,1
74216.18,655,0.186,1.2,63,2,3,1,60207.33,0,0
44492.99,712,0.357,0.9,35,1,4,7,17918.27,0,1
42947.88,677,0.348,10.4,67,0,11,2,88511.23,0,1
20000.0,612,0.356,2.2,35,1,6,8,12635.0,1,0
67353.42,783,0.591,2.9,50,0,3,3,93060.0,0,0
26380.25,684,0.085,1.2,56,1,11,8,15046.18,0,1
50512.01,844,0.344,2.8,36,0,6,9,73207.74,0,0
56313.44,550,0.494,1.3,36,2,5,6,66304.16,0,1
96792.94,635,0.347,5.5,42,0,4,2,79356.64,1,0
25478.49,683,0.184,3.5,61,0,5,2,58653.15,0,1
20000.0,771,0.137,7.8,23,3,1,6,38242.55,0,1
53740.64,712,0.109,1.9,51,0,7,6,31068.09,0,1
120602.54,705,0.203,3.5,53,1,2,3,94819.71,0,0
91078.15,590,0.346,1.5,47,0,8,8,46920.67,0,1
54438.65,587,0.259,13.6,67,0,4,10,85008.39,0,1
38337.43,706,0.696,3.7,49,1,9,6,73690.3,0,1
73391.35,571,0.1,1.0,51,1,3,1,67332.82,0,0
30128.5,637,0.244,1.6,49,0,3,1,97207.88,1,0
62204.27,720,0.135,0.4,56,2,3,9,58717.71,0,1
63116.35,601,0.075,0.1,25,2,4,2,74636.66,0,0
83291.76,808,0.727,3.7,65,1,3,9,85718.61,0,0
194819.74,778,0.502,2.1,20,0,6,1,9367.87,0,0
59647.53,554,0.297,16.6,51,2,7,3,99649.25,0,0
38006.72,605,0.432,0.9,50,2,5,5,29906.56,0,0
48397.96,497,0.156,7.9,29,0,5,7,71739.09,0,0
20240.93,617,0.143,1.9,20,1,6,2,95593.54,0,0
34635.81,741,0.033,1.3,25,0,4,6,77498.0,0,0
39948.99,647,0.407,17.5,32,0,2,2,26813.64,0,0
37720.38,717,0.517,8.1,64,0,4,9,39419.82,1,0
52901.0,558,0.22,5.0,62,3,8,1,44347.01,1,0
32493.33,744,0.085,6.0,21,2,5,1,60703.01,1,0
85863.61,636,0.396,23.8,33,2,8,10,62280.03,0,1
49025.88,681,0.345,4.5,64,0,4,5,79850.57,1,0
48793.38,673,0.38,0.5,30,0,5,1,86668.96,0,0
41608.2,578,0.173,0.3,70,0,4,2,13506.08,0,0
52976.06,588,0.236,5.5,31,1,8,9,30949.88,0,1
74053.95,757,0.494,5.4,56,0,2,7,37647.91,0,1
31774.99,712,0.13,6.9,40,0,3,7,6269.64,0,1
35275.42,764,0.404,0.6,25,0,3,2,44670.53,1,0
42114.06,706,0.281,14.5,31,2,5,4,39085.87,0,1
25010.84,691,0.316,4.0,53,1,4,1,54912.07,0,0
32544.74,542,0.43,5.2,36,0,5,5,14517.24,0,1
38634.06,658,0.628,0.2,49,2,9,9,44329.31,0,1
75901.72,678,0.265,16.2,29,2,6,9,61754.52,1,1
55897.82,836,0.088,4.1,41,0,3,8,81362.45,0,0
54003.0,735,0.032,4.1,45,0,4,5,77812.98,1,0
75015.42,803,0.468,14.4,39,2,5,8,43461.37,0,1
45766.79,728,0.195,13.3,28,1,5,5,42005.6,0,1
59589.37,623,0.27,1.2,42,2,9,1,8559.84,0,1
46554.97,689,0.057,13.4,54,0,8,1,12851.24,0,0
55976.16,699,0.139,6.7,68,1,7,5,87878.61,0,0
36629.92,605,0.205,0.1,59,0,5,6,81558.13,1,0
20000.0,649,0.457,1.4,26,1,3,4,7003.28,0,0
45837.62,664,0.228,2.7,32,3,3,2,88854.46,1,0
99844.98,808,0.579,4.4,22,1,9,9,63318.53,0,0
77894.27,514,0.128,6.0,25,0,7,1,81182.32,0,0
79435.35,776,0.091,1.2,31,1,7,5,52740.04,0,0
90950.02,605,0.252,9.1,28,2,5,10,19309.51,0,1
51242.72,570,0.241,9.3,29,2,5,6,38904.6,0,1
54103.7,774,0.161,5.0,30,0,6,8,47752.76,0,0
35996.39,739,0.317,12.7,34,3,5,7,76621.65,0,0
41854.88,780,0.225,8.4,25,1,3,6,82205.8,0,1
66695.02,744,0.193,1.3,32,0,4,8,75438.03,0,0
89495.37,845,0.464,8.0,54,1,4,6,50281.51,0,1
45719.35,725,0.428,15.3,30,1,5,4,68051.64,1,0
39140.2,667,0.383,0.7,27,2,6,8,33073.9,1,1
49033.74,707,0.656,19.2,22,1,1,1,98841.16,0,0
66211.1,779,0.189,0.1,44,2,5,3,20979.55,1,0
23815.04,618,0.383,3.7,62,2,7,4,73742.24,0,0
20000.0,628,0.52,7.4,21,1,4,8,19718.4,0,0
37224.84,655,0.358,7.8,46,0,8,5,31682.28,1,0
26626.01,512,0.522,6.6,52,3,4,4,76138.45,0,1
38022.37,691,0.198,3.8,49,1,7,4,74265.99,0,0
45529.23,529,0.325,5.3,64,3,1,1,16828.43,0,0
39080.38,684,0.313,6.0,63,0,4,8,69461.56,0,1
101339.73,749,0.104,3.4,21,3,5,6,24364.71,0,1
57720.77,642,0.281,4.5,37,2,5,10,97431.35,0,1
56967.56,814,0.148,9.4,53,3,6,8,62289.91,0,1
66909.99,563,0.469,1.9,68,0,5,8,5330.55,0,0
27738.69,775,0.15,3.7,60,1,2,7,24803.18,0,1
82417.73,734,0.592,0.0,27,0,5,3,26812.52,0,0
47198.52,543,0.496,5.8,33,0,6,1,28474.32,0,1
68544.63,850,0.072,1.1,58,0,6,1,57923.84,0,0
28683.33,675,0.141,3.3,43,3,4,2,24532.64,0,0
22541.66,610,0.199,1.2,46,1,3,3,44215.25,0,1
73787.52,567,0.371,0.1,50,1,4,8,21465.87,0,1
59172.06,662,0.541,3.3,23,3,6,5,68355.73,0,1
31225.0,670,0.309,2.8,63,2,3,1,59027.13,0,0
31734.78,688,0.56,2.8,63,3,5,1,64726.32,0,0
86052.89,656,0.22,1.2,42,3,2,1,96903.79,0,0
27045.99,731,0.284,14.7,51,2,7,1,42933.68,1,1
111450.57,649,0.234,0.0,52,0,4,8,25469.9,0,1
31247.34,525,0.495,11.1,28,3,6,8,99883.24,0,1
67453.65,668,0.236,6.7,24,1,7,2,10517.13,0,0
41593.15,491,0.535,0.9,19,1,2,9,81983.19,1,1
66276.7,708,0.342,3.2,65,2,2,2,20406.78,0,0
37344.58,602,0.147,22.5,36,0,6,2,68154.6,1,0
45188.75,693,0.345,5.2,22,1,4,2,50010.64,0,0
50034.08,785,0.238,0.7,42,1,6,2,84707.43,0,0
29700.12,604,0.413,3.1,22,0,1,2,74453.65,0,0
70998.37,765,0.477,3.2,22,0,2,5,21371.91,0,0
37926.04,645,0.453,8.1,43,2,7,1,68198.27,1,0
43726.08,820,0.34,12.4,44,0,5,9,25623.64,1,0
29816.74,651,0.217,0.4,48,2,6,9,21080.69,0,0
20000.0,613,0.287,1.9,52,1,7,8,12991.02,0,1
44555.29,735,0.126,1.8,53,1,6,4,15797.32,0,0
163784.65,645,0.621,27.7,41,2,4,8,71868.35,0,1
72569.66,613,0.223,4.1,51,1,7,6,99251.55,0,1
48550.99,642,0.363,10.6,34,1,3,8,69200.27,0,1
42982.77,676,0.073,2.8,41,0,4,8,72304.38,0,1
49574.55,787,0.313,6.4,38,1,7,3,79357.43,0,0
64444.49,525,0.072,1.7,35,1,3,3,89456.08,0,0
27162.53,682,0.587,12.1,30,0,5,7,30434.33,0,0
85576.06,730,0.218,3.0,22,1,4,2,62431.84,0,0
70100.88,695,0.374,8.1,44,1,4,6,25580.51,0,0
70199.25,785,0.364,1.5,46,2,6,3,54935.56,0,0
61037.14,674,0.103,5.9,35,1,7,3,24823.51,1,1
49503.98,665,0.2,2.6,69,3,11,8,11080.51,1,1
68626.27,727,0.211,0.2,47,1,5,3,13387.03,0,0
65900.88,688,0.044,2.7,64,2,8,3,97748.73,0,0
41067.8,649,0.371,4.0,48,1,8,6,5571.72,0,0
36798.01,721,0.058,0.8,28,1,4,8,70565.67,0,0
51582.0,628,0.405,1.0,69,1,2,8,89294.22,0,1
106352.05,631,0.337,3.1,64,1,5,2,42401.85,1,0
26382.24,638,0.474,2.1,43,3,5,1,72270.91,0,0
23534.84,788,0.034,2.9,31,0,3,3,38144.29,0,0
53230.16,422,0.579,3.1,30,0,9,1,55251.66,0,0
50284.08,712,0.022,0.8,60,2,2,6,93891.39,0,1
53459.03,683,0.372,1.0,22,1,9,10,9021.83,0,0
55380.16,546,0.072,9.4,51,0,5,2,30381.62,0,1
43844.25,705,0.236,0.9,51,1,2,9,15068.91,0,1
103252.4,718,0.072,5.5,27,1,12,4,52112.92,0,0
22016.51,727,0.191,2.7,55,1,7,9,78195.64,0,0
32394.74,468,0.353,17.2,55,2,3,8,97776.97,0,1
46554.21,789,0.32,0.3,36,1,4,4,19767.57,0,1
21555.92,621,0.207,8.9,43,1,0,1,9173.42,0,1
44894.6,735,0.489,3.4,61,2,2,9,18143.15,0,0
112502.99,739,0.078,0.0,45,2,7,6,97031.49,0,0
49535.42,610,0.067,1.5,50,0,3,2,35412.25,0,1
55014.41,733,0.074,2.6,39,1,6,8,30381.38,0,1
26105.93,649,0.232,1.9,26,1,5,3,74831.39,1,0
36019.63,514,0.055,2.3,70,2,4,5,16464.16,0,1
40635.68,773,0.277,12.4,46,2,3,10,38162.13,0,0
41820.52,618,0.229,2.2,35,1,5,9,18757.1,0,0
93043.45,612,0.185,2.7,55,3,3,3,97560.45,0,0
64786.05,648,0.079,7.2,50,1,6,2,32086.66,1,1
28120.98,702,0.434,7.9,30,2,3,5,30573.55,0,1
55450.85,675,0.254,0.4,64,2,2,10,65268.26,1,0
62888.01,724,0.235,6.1,22,3,1,2,6578.55,0,1
86688.33,573,0.17,3.3,49,3,4,5,67086.07,0,0
108041.46,621,0.287,0.7,43,1,3,1,48116.22,0,0
29509.07,671,0.563,1.5,35,0,4,5,22492.83,0,0
32681.72,832,0.134,0.2,61,1,3,7,51202.58,0,0
26139.71,671,0.14,2.2,52,2,6,9,99903.88,1,0
43607.75,767,0.095,1.5,57,2,4,8,84686.57,0,0
61894.04,683,0.292,2.4,40,1,6,9,97545.59,0,0
80311.43,641,0.395,4.3,67,0,5,1,92975.83,0,0
47194.12,660,0.111,6.6,36,1,4,1,82939.43,0,0
41775.96,667,0.234,4.6,46,1,6,8,36800.72,0,0
52885.21,728,0.211,5.7,67,0,8,8,74343.93,0,1
32287.28,790,0.326,10.0,22,2,4,8,42196.11,0,1
139353.53,709,0.338,10.4,24,0,7,6,45805.03,0,0
21942.25,775,0.187,9.9,70,1,7,8,87972.25,0,1
53764.59,603,0.083,0.8,69,0,3,9,24492.4,1,0
134834.46,647,0.092,1.4,58,2,8,6,33176.46,0,1
49187.75,622,0.149,3.5,43,2,4,4,93397.51,0,0
44577.32,705,0.294,2.2,44,1,3,10,71461.47,0,0
40997.95,651,0.111,0.7,31,1,6,4,11165.39,0,0
44792.87,738,0.298,1.7,41,0,6,2,16553.24,0,0
97384.68,606,0.287,18.5,40,3,6,3,60057.08,0,0
20000.0,683,0.672,2.1,20,2,4,9,80881.72,0,0
105526.44,735,0.521,2.7,42,2,6,6,80316.65,0,1
24053.15,515,0.788,0.0,43,0,7,9,45367.97,1,0
42902.0,850,0.33,6.4,53,0,4,5,29558.38,0,0
39552.25,657,0.32,2.7,45,1,4,7,79832.26,0,0
65793.52,518,0.116,0.5,63,0,6,7,94686.47,0,0
22047.13,693,0.518,17.3,37,2,8,8,47192.42,0,1
61764.64,683,0.159,7.5,39,1,5,3,18041.25,0,1
134881.89,673,0.136,6.5,48,1,3,7,62924.29,0,1
24795.39,759,0.532,15.8,29,0,2,9,11805.33,0,1
53898.24,740,0.407,2.6,38,3,1,8,63092.56,0,0
35207.31,704,0.117,6.3,54,3,7,5,21429.85,0,1
60654.17,716,0.14,1.2,39,0,7,2,54018.01,0,0
49492.37,672,0.163,6.0,65,1,7,6,64421.95,0,1
35569.95,822,0.255,0.1,50,1,3,2,47438.94,0,0
62563.43,562,0.372,0.7,26,0,4,9,83593.2,0,1
120834.13,691,0.438,2.8,43,3,5,5,40597.34,0,0
44558.05,685,0.261,0.1,58,2,6,6,19728.11,0,0
70254.45,745,0.214,3.1,51,3,8,5,49070.94,0,0
25677.32,612,0.371,3.7,64,2,10,2,96536.19,0,0
30387.35,541,0.255,4.9,57,2,5,7,88617.31,0,1
62081.49,693,0.127,0.5,21,1,5,3,34552.91,1,0
102956.11,702,0.528,1.0,24,2,5,6,28056.98,0,1
58559.97,799,0.226,4.8,52,1,4,6,50912.37,0,1
41918.02,578,0.139,5.4,30,0,3,6,67240.01,0,1
49003.44,772,0.192,0.1,49,1,7,1,93038.35,0,0
26233.6,850,0.395,3.9,59,1,6,7,63265.99,0,0
66320.72,650,0.121,7.7,48,3,2,2,84431.06,0,0
76203.79,577,0.523,0.4,40,1,1,8,71126.98,0,0
39103.01,647,0.336,2.7,52,0,4,8,14644.69,0,0
38753.6,681,0.399,2.0,25,0,11,7,89719.62,0,0
55990.6,725,0.35,12.2,56,3,3,8,23956.06,0,1
39404.69,633,0.118,1.0,54,3,2,1,39831.47,0,0
47426.37,804,0.354,1.9,45,2,4,1,84824.86,0,0
140064.86,591,0.091,11.4,32,0,4,8,98025.22,0,1
43325.09,541,0.341,2.0,59,0,9,2,34508.12,0,0
40979.61,769,0.2,3.8,45,1,3,5,41406.17,0,0
35462.43,498,0.204,0.2,21,3,2,7,51133.3,1,0
71118.02,664,0.12,21.0,66,2,6,1,52309.21,0,1
44774.22,850,0.218,8.7,58,3,5,2,76285.62,0,0
35429.97,679,0.329,5.0,48,1,6,9,82626.28,0,1
94906.93,590,0.091,0.3,41,2,4,6,99148.4,1,0
99688.09,675,0.148,0.4,68,1,1,5,81401.73,1,0
36307.81,676,0.283,3.9,58,0,3,9,33479.23,0,1
20000.0,693,0.027,1.7,46,3,5,2,39024.31,0,0
81125.84,733,0.051,4.9,52,0,7,2,63715.49,0,0
34810.87,597,0.13,4.6,33,2,9,4,70230.61,0,0
72788.47,815,0.284,9.1,28,1,2,10,13546.38,1,1
20000.0,700,0.32,1.7,32,0,5,6,37649.43,0,0
76595.89,738,0.348,4.3,33,0,4,6,24253.34,1,1
26753.32,630,0.314,7.5,56,1,3,8,53245.7,0,0
70642.14,783,0.337,3.4,25,2,4,9,21026.28,0,0
49371.89,659,0.157,8.9,58,0,7,8,60170.44,0,1
30425.32,702,0.267,0.7,45,1,5,7,49393.17,0,1
39993.88,605,0.306,6.6,38,1,3,1,43372.76,0,1
69089.58,600,0.371,14.3,34,0,6,1,66650.52,1,0
51686.26,735,0.043,2.0,45,0,2,2,44550.56,0,1
65657.46,645,0.232,2.3,35,1,6,5,42930.16,0,0
131691.89,612,0.353,0.4,40,0,4,3,66856.57,0,0
22423.82,629,0.136,5.1,56,1,4,9,10442.2,0,0
110040.78,736,0.166,4.0,51,3,6,8,46085.83,0,0
51646.51,630,0.113,0.2,57,0,2,8,23563.05,0,0
31276.05,671,0.543,7.0,55,3,4,2,8664.43,0,0
25206.15,681,0.134,8.8,60,1,1,5,8294.86,0,1
44597.8,527,0.175,11.9,28,1,7,2,20923.96,0,0
77716.67,562,0.201,3.9,70,2,4,2,46224.41,1,0
45992.12,707,0.107,3.0,43,1,6,5,58836.36,0,1
104357.47,621,0.297,10.4,55,0,3,9,80610.43,0,0
23728.03,765,0.23,2.5,53,0,11,7,62730.76,0,1
48725.39,757,0.626,5.3,47,2,4,2,54405.29,0,0
26207.56,738,0.159,4.8,70,0,7,3,8454.83,0,0
58795.23,826,0.07,2.3,29,1,11,1,33300.46,0,1
76377.52,673,0.527,0.5,40,1,2,2,70765.73,0,0
39720.36,732,0.231,0.1,25,1,3,8,30698.88,0,0
20000.0,633,0.203,2.8,27,2,2,7,61462.29,1,1
54147.88,850,0.254,3.3,55,2,3,6,62370.6,1,1
60984.15,839,0.414,8.6,18,1,7,5,33987.14,0,1
60002.85,681,0.59,2.7,64,1,4,9,59301.5,0,0
90934.17,711,0.077,1.7,51,0,5,2,15827.48,0,1
28694.86,789,0.644,3.1,41,1,5,1,74062.27,0,0
68879.1,668,0.087,1.4,35,2,5,8,7140.13,0,1
88987.73,627,0.511,0.5,25,1,5,5,8355.87,0,0
20144.9,750,0.108,0.6,66,3,7,1,87674.55,0,0
57516.43,686,0.28,1.9,55,0,6,5,60127.28,0,1
38097.73,695,0.15,0.1,35,3,3,8,20476.84,0,0
47062.82,613,0.232,1.2,22,1,7,9,62155.63,0,0
58328.04,543,0.418,7.7,35,2,6,9,40135.55,1,1
38422.01,699,0.412,1.3,28,1,5,8,30637.44,0,1
34966.51,752,0.33,0.6,59,1,2,3,82075.85,0,0
49865.08,662,0.135,14.9,55,2,6,1,50344.32,0,0
28463.48,795,0.337,4.9,44,2,6,5,32879.94,0,0
28483.7,624,0.153,0.3,64,1,3,2,94650.98,1,0
68850.08,596,0.277,0.3,27,1,11,8,20677.4,0,0
27600.88,675,0.361,4.7,42,1,5,6,18490.73,0,0
68401.93,673,0.113,3.9,55,3,6,7,14243.87,0,1
61777.57,742,0.136,0.4,22,1,7,10,16821.26,1,1
20683.6,618,0.127,1.3,37,1,5,8,29014.59,0,0
34934.06,789,0.242,13.2,48,2,5,6,71357.89,0,1
89059.03,837,0.327,4.2,37,1,5,4,68826.49,0,0
30013.94,677,0.191,2.9,43,1,5,6,77528.86,0,0
38863.0,780,0.566,1.4,50,0,4,5,59679.25,0,0
61761.19,595,0.098,0.7,37,2,7,9,51798.02,0,0
72525.63,766,0.315,2.6,24,1,3,7,46028.98,0,0
43227.43,764,0.569,12.8,25,0,4,9,88091.13,0,1
36360.74,749,0.041,0.2,45,1,3,9,37632.98,0,0
99826.1,679,0.111,23.5,27,1,2,8,89694.57,0,1
116943.93,444,0.076,1.2,64,1,4,2,31176.27,0,0
79971.77,629,0.19,2.6,61,1,3,7,19945.34,1,1
51157.23,630,0.085,0.2,36,2,7,3,29238.54,0,0
32724.1,602,0.122,4.4,61,0,2,8,52407.48,0,1
32363.22,690,0.51,3.3,46,0,4,7,92959.33,0,0
63656.52,646,0.342,5.5,26,1,6,1,21844.41,0,0
60427.47,614,0.402,3.9,50,0,4,8,60090.66,0,0
98794.71,595,0.18,2.5,53,1,7,5,25683.51,0,0
67861.56,623,0.423,6.7,22,3,6,6,69376.29,0,1
23120.15,770,0.099,0.1,34,1,5,9,49178.33,1,1
82948.38,627,0.207,3.9,18,0,2,9,74686.08,0,0
29761.46,639,0.163,0.6,34,0,7,3,86330.34,0,1
40457.79,643,0.442,2.9,35,0,7,6,36800.66,1,0
55553.41,707,0.248,7.8,51,0,6,7,94127.93,0,0
132964.01,716,0.218,0.8,28,1,5,1,49500.11,0,0
200000.0,436,0.201,13.7,20,0,4,8,93980.26,0,0
66393.97,762,0.413,11.0,34,2,8,3,26909.16,0,1
44730.09,795,0.214,2.7,61,2,7,2,90223.15,0,0
64039.34,596,0.078,0.0,39,1,8,1,36697.38,0,0
76406.86,602,0.616,7.8,40,0,2,9,76321.32,0,0
41758.83,644,0.305,10.6,42,2,7,5,96977.36,0,1
120283.37,620,0.048,1.0,57,0,3,9,91655.39,1,1
54997.08,698,0.252,12.4,43,0,3,1,49047.2,0,1
62872.97,524,0.056,12.3,23,1,11,8,37765.61,0,0
68388.65,591,0.158,3.2,29,1,9,8,63200.48,0,0
60523.88,803,0.49,8.0,28,1,4,1,72051.89,1,0
74568.26,606,0.345,2.9,44,0,4,5,56323.44,0,0
36003.57,779,0.159,4.2,20,0,3,7,85605.21,1,1
37080.6,708,0.612,1.9,33,2,7,9,10535.37,0,0
28280.36,535,0.071,0.9,50,1,5,7,61965.57,0,1
61068.45,731,0.202,6.9,36,0,6,6,54898.07,0,0
72364.29,671,0.295,0.0,55,1,5,1,8739.57,0,0
61628.91,644,0.456,4.3,38,0,9,5,6207.56,0,1
113237.9,700,0.288,10.0,69,1,10,5,62582.32,0,0
48883.83,718,0.196,1.3,68,0,5,8,16209.89,1,0
68485.06,737,0.069,2.0,60,1,6,8,78010.49,0,0
28400.15,774,0.327,4.4,68,1,3,8,95178.64,0,0
40394.55,713,0.168,1.4,29,2,8,6,21854.54,1,0
69408.8,570,0.57,9.4,57,0,3,9,80864.55,0,0
74948.09,642,0.194,2.3,35,1,3,6,61184.78,0,0
42320.06,850,0.046,4.4,56,3,2,1,47554.28,0,1
47296.92,738,0.159,1.3,37,2,2,9,66778.34,0,1
22949.77,850,0.12,0.2,33,3,4,7,81222.12,0,1
41006.48,792,0.207,1.0,68,3,2,7,97211.3,0,1
76511.14,699,0.171,0.2,29,1,7,1,67746.86,0,0
65355.87,704,0.25,3.2,57,0,9,10,75958.37,0,1
62964.91,677,0.136,4.4,53,2,1,6,62714.31,0,0
50256.08,541,0.17,0.2,34,1,8,8,58679.3,1,1
49194.23,681,0.486,0.5,42,1,5,5,11154.28,0,1
35236.56,777,0.439,3.3,25,1,4,5,19732.05,0,0
69523.09,632,0.362,8.0,66,1,5,4,41029.02,0,0
60505.31,713,0.215,4.9,68,1,3,5,66702.84,0,1
62693.27,748,0.285,0.6,56,1,1,10,12200.45,0,1
37683.69,607,0.115,10.9,62,0,3,2,56715.84,1,0
20000.0,644,0.13,12.5,22,2,5,7,6252.34,0,1
84844.58,599,0.173,2.0,38,2,5,7,77778.88,1,0
38583.55,614,0.549,4.8,35,1,3,7,68358.67,1,0
31844.25,577,0.113,3.4,47,0,7,1,54464.15,0,0
69337.38,608,0.319,14.2,28,0,8,2,59258.55,0,0
40295.44,794,0.435,3.6,47,0,7,1,93612.13,0,0
83280.37,607,0.647,16.1,52,0,8,7,91136.17,0,1
66736.21,690,0.597,1.1,25,1,4,7,80311.38,1,0
68994.68,640,0.435,2.1,25,0,6,1,36941.5,0,0
24760.93,774,0.238,7.6,20,0,4,9,15188.45,0,1
89856.75,785,0.255,7.7,58,1,6,3,35536.0,0,0
55861.2,749,0.089,6.6,35,3,6,2,76436.41,0,0
40756.13,704,0.08,9.8,30,0,5,9,63045.07,0,1
52664.36,662,0.218,6.1,58,1,2,2,72029.31,0,1
20168.6,585,0.406,5.1,25,3,4,9,15006.3,0,1
60133.74,835,0.41,3.1,40,3,5,2,20052.45,1,0
29299.16,619,0.443,3.1,57,1,7,9,68110.38,0,1
24925.95,733,0.37,2.6,48,1,3,1,40321.05,0,0
22898.36,765,0.212,4.8,47,0,7,8,40072.85,0,1
85506.2,636,0.241,2.6,26,0,3,8,42302.65,0,0
35788.01,763,0.276,0.8,27,1,8,5,80614.29,0,0
105541.96,741,0.087,0.6,48,1,4,8,71410.13,1,1
37500.11,818,0.092,12.9,19,2,5,1,15073.39,1,1
20875.28,642,0.414,0.1,63,0,9,6,37713.95,0,0
28049.83,577,0.141,0.6,36,2,4,2,69014.05,0,0
90935.51,640,0.143,2.9,40,0,6,4,97732.27,0,0
45344.81,697,0.346,1.5,31,1,4,7,91664.06,0,0
37266.73,685,0.086,2.6,64,1,4,9,28585.97,0,1
53104.08,649,0.195,0.6,51,1,2,2,11273.13,0,0
63000.09,527,0.435,0.7,41,0,9,10,59460.02,0,1
85707.83,718,0.325,8.1,48,0,2,8,43593.78,1,0
101138.85,838,0.066,7.1,38,0,7,3,22422.06,1,1
40950.35,717,0.248,0.6,42,1,7,3,66906.48,0,0
25259.97,729,0.052,5.5,37,0,5,1,20233.34,1,1
39865.53,726,0.072,4.7,39,1,7,4,38390.74,0,0
55834.11,712,0.044,6.2,34,0,4,1,80483.93,0,0
30276.3,755,0.337,3.2,22,1,5,1,70008.42,0,1
30376.5,712,0.137,1.6,20,1,3,8,62676.64,0,0
58214.74,655,0.153,5.4,27,1,3,1,93428.54,0,0
47842.7,616,0.151,2.3,31,0,3,8,16913.77,1,0
49831.3,660,0.11,1.2,64,1,7,3,70641.46,0,0
33548.66,705,0.178,2.6,50,2,6,10,16146.14,0,0
43686.73,655,0.197,7.2,68,0,6,6,17955.58,0,1
30880.6,705,0.644,3.2,36,0,5,5,53110.47,1,1
76504.07,715,0.539,1.8,39,1,7,2,7290.47,0,0
82258.72,747,0.416,8.9,55,3,7,1,52594.84,0,0
20000.0,783,0.277,10.7,48,0,6,2,5900.49,1,1
30799.22,686,0.195,2.8,45,1,4,3,62229.43,1,0
23196.01,575,0.566,2.3,48,3,5,6,34640.94,0,1
35418.45,652,0.307,4.7,48,1,6,5,12910.17,0,0
47017.78,684,0.282,0.3,58,1,2,3,79179.95,0,0
23746.19,533,0.329,5.9,53,1,5,7,42042.89,1,1
30917.27,791,0.504,7.6,68,0,4,3,47181.91,0,1
29673.85,691,0.272,2.5,67,1,7,6,40575.48,1,1
54373.58,711,0.084,1.0,40,0,4,9,12944.88,0,0
50750.27,789,0.033,0.1,20,0,6,9,48692.14,1,1
34170.95,630,0.119,5.1,19,0,5,2,68216.61,0,0
53552.11,726,0.309,1.6,24,2,7,6,90820.74,0,1
37296.69,671,0.153,3.1,22,3,3,10,77561.29,0,1
42794.82,665,0.369,2.4,37,1,1,8,12532.4,0,0
113179.01,618,0.428,1.0,21,0,3,8,20751.4,0,1
95820.37,813,0.331,3.6,50,2,4,7,9258.49,0,1
25596.46,650,0.105,3.1,28,1,4,1,16342.01,0,0
74225.74,736,0.136,4.9,45,2,6,2,50650.12,1,0
73548.35,530,0.599,1.5,23,1,8,7,25875.3,0,0
27608.21,774,0.586,1.2,61,3,3,1,66553.96,0,0
73820.28,764,0.598,8.4,59,0,4,2,8074.8,0,0
105764.05,688,0.449,6.1,38,0,5,5,86438.4,1,1
27965.52,662,0.582,7.4,65,1,9,5,69375.84,0,1
30984.69,712,0.086,0.7,28,1,3,1,97062.39,0,0
81538.51,850,0.157,1.3,60,3,3,2,95518.88,1,0
56148.07,539,0.375,4.3,46,3,3,6,70827.99,0,1
64585.04,743,0.106,9.7,35,2,6,6,20014.19,0,1
58121.71,607,0.268,11.1,22,0,2,2,26097.84,0,0
59596.25,678,0.15,8.9,27,2,3,6,31370.29,0,1
25254.61,660,0.555,0.2,63,1,2,8,45534.04,0,0
82756.58,646,0.266,8.6,50,3,9,6,59232.89,0,1
87973.86,679,0.169,11.5,30,0,9,9,69847.0,0,1
43708.8,589,0.587,0.3,44,0,8,10,12185.54,1,0
47966.66,762,0.141,2.7,24,2,7,5,63002.08,0,1
22798.41,536,0.281,3.8,23,2,5,8,10622.75,0,0
63394.18,723,0.477,1.3,65,2,3,1,83567.49,0,0
65253.09,654,0.109,3.6,42,0,2,8,8840.37,0,0
47519.93,586,0.235,10.9,37,2,5,7,42054.52,0,1
86006.37,696,0.098,10.1,67,1,5,9,44898.28,0,1
41479.78,555,0.338,14.1,39,1,4,10,59186.66,0,1
65010.43,683,0.46,3.3,35,1,3,8,14067.51,0,1
29441.72,566,0.207,2.6,32,2,4,10,93644.89,0,0
48446.91,717,0.273,5.5,47,1,8,2,41404.61,0,0
44928.29,606,0.446,2.7,47,0,4,5,42638.83,0,0
54866.27,644,0.169,0.2,19,1,6,3,28093.26,0,0
40751.04,704,0.142,6.4,52,2,5,7,79168.11,1,1
45901.99,618,0.315,1.6,59,0,4,3,5737.34,0,0
74089.09,675,0.292,0.3,50,0,5,2,15089.39,0,0
39403.81,559,0.18,0.1,63,1,1,4,49722.37,0,0
21954.15,730,0.444,13.4,32,0,7,2,96988.4,0,0
117570.33,821,0.287,1.5,28,0,3,5,8380.84,0,1
97804.61,850,0.391,3.0,54,2,4,8,10889.22,1,0
25690.3,687,0.427,15.0,28,0,5,6,72914.8,0,0
69206.77,743,0.203,3.2,23,1,7,9,74867.33,0,0
38120.7,538,0.271,0.4,23,1,4,9,90208.99,0,0
55923.7,800,0.265,4.0,58,1,1,2,59779.8,0,0
56789.8,742,0.193,0.5,19,1,7,5,43337.27,1,0
43599.29,641,0.224,0.5,33,3,5,5,47852.07,0,1
33127.44,779,0.452,9.5,25,1,5,2,45993.94,0,0
34708.14,660,0.27,1.7,57,1,4,8,97485.98,0,0
31005.01,643,0.159,5.7,44,1,3,1,41108.33,0,0
32340.93,718,0.089,3.6,29,1,8,5,14126.39,0,1
47401.58,595,0.097,1.3,57,0,7,9,32514.45,0,1
34273.23,762,0.091,3.6,57,3,4,4,96208.4,0,0
68942.36,596,0.573,0.4,45,0,6,8,45683.42,0,1
103117.36,596,0.393,2.1,32,1,4,3,35027.03,0,0
36679.5,607,0.272,3.7,48,2,6,10,34521.63,1,0
55254.34,741,0.556,1.3,67,2,3,1,5861.14,0,1
62934.05,631,0.337,5.4,21,0,3,2,65146.19,0,0
62068.95,572,0.073,0.3,32,1,6,2,73805.68,0,0
50918.3,632,0.11,3.3,33,0,4,8,38530.34,0,0
71064.36,677,0.228,6.3,51,2,5,5,87915.18,0,1
62387.77,586,0.202,2.8,52,1,13,10,75574.62,0,0
26401.31,588,0.297,10.4,29,0,5,2,62082.61,1,1
75703.38,849,0.422,5.0,29,2,6,8,71862.59,0,0
76392.93,611,0.178,15.9,66,1,4,8,78098.0,0,0
33468.4,654,0.722,1.7,57,0,2,2,55069.74,0,0
49959.55,651,0.339,14.0,67,1,6,1,42791.09,0,1
68986.39,646,0.356,4.7,61,0,6,5,16942.81,0,1
44149.77,730,0.256,6.8,39,3,6,7,43469.75,1,1
83825.21,756,0.437,11.6,24,1,5,9,57259.11,1,1
159841.22,656,0.27,4.0,51,1,5,6,95047.09,0,1
33090.68,581,0.157,9.9,36,3,10,1,19715.02,0,1
24574.82,782,0.314,3.9,40,1,5,8,76911.08,0,0
57062.89,672,0.345,4.6,40,1,6,9,27866.86,0,1
70317.87,818,0.209,2.9,67,0,5,7,95915.58,1,1
43676.56,500,0.163,0.8,22,3,6,7,61506.73,0,1
101379.92,696,0.245,4.0,28,2,4,2,46114.38,1,1
25101.86,833,0.289,19.0,50,0,8,4,37948.41,1,0
69317.96,652,0.346,7.7,64,1,5,10,24188.34,0,1
36209.24,662,0.391,6.9,66,3,9,9,72877.28,0,1
115808.0,704,0.302,5.2,47,1,6,2,65416.98,0,0
132754.61,635,0.197,2.1,20,1,3,6,89564.75,0,1
33412.04,655,0.335,0.9,37,1,6,8,61747.14,0,1
37243.08,653,0.194,1.3,66,2,4,4,21131.36,0,0
75342.07,630,0.107,0.0,44,3,8,10,69869.2,0,1
40393.92,778,0.173,5.6,56,2,7,1,88485.39,0,0
47920.3,717,0.237,8.4,32,3,2,7,99093.93,0,0
49647.05,700,0.3,1.6,19,2,5,7,70081.27,0,1
20000.0,745,0.219,0.5,48,0,5,2,32505.91,0,0
48682.8,659,0.315,2.0,61,0,6,6,58711.27,0,1
34722.25,618,0.264,1.7,69,2,6,8,53923.47,1,0
38308.94,632,0.234,3.0,62,0,8,5,53637.97,0,0
100893.02,680,0.085,1.5,47,2,5,8,12468.89,0,0
26153.72,595,0.063,2.1,50,2,2,10,23481.86,0,0
73614.89,640,0.103,11.9,61,1,4,9,54791.03,1,1
42638.74,639,0.197,2.0,19,1,8,9,80827.28,0,1
42621.75,850,0.139,7.7,67,0,4,9,22269.71,0,1
72779.23,458,0.245,4.9,46,0,5,10,20606.74,1,1
58106.08,666,0.117,2.1,68,2,5,10,77186.25,0,1
65205.98,818,0.205,8.5,58,0,4,6,70602.63,0,0
79546.13,690,0.083,4.5,26,3,4,6,51085.28,1,1
41537.25,740,0.128,0.0,27,0,2,5,9784.38,0,1
36093.99,688,0.36,0.4,36,2,7,2,49904.75,0,0
28493.31,627,0.393,7.0,32,0,4,4,84310.94,0,0
32444.78,501,0.158,3.0,41,1,5,5,6009.04,0,0
200000.0,696,0.174,2.6,49,1,6,9,14747.61,0,1
91339.61,618,0.225,0.8,41,0,5,5,81886.93,0,0
24945.85,616,0.536,0.9,21,1,6,8,54889.43,1,0
25305.35,640,0.251,8.0,69,3,6,6,67915.36,0,0
62375.82,820,0.13,8.8,40,0,3,1,75779.92,0,0
64449.19,850,0.485,4.1,62,0,5,3,33519.76,0,0
64501.38,697,0.08,1.7,22,2,6,8,33298.16,0,1
43153.64,643,0.236,13.5,60,2,5,1,30075.8,0,1
46040.32,586,0.511,4.9,27,0,3,9,20889.2,0,0
57753.53,717,0.11,8.0,53,0,3,8,33950.66,1,1
51171.93,823,0.245,0.0,52,0,6,1,95518.88,0,0
20000.0,660,0.236,3.0,65,0,3,7,13167.75,1,0
43699.86,490,0.68,10.2,35,0,6,9,27860.43,1,1
32025.79,734,0.381,2.1,24,1,7,10,35211.66,0,0
53509.03,759,0.443,6.5,63,1,7,1,19612.52,0,0
200000.0,553,0.315,5.4,35,1,6,3,12353.15,0,1
58908.51,694,0.39,0.8,30,0,5,9,20376.49,0,0
41908.13,716,0.229,7.5,43,1,2,8,55140.91,0,0
77722.55,674,0.304,0.6,26,0,3,9,61691.49,0,1
62401.46,617,0.089,6.5,33,0,7,8,25449.29,0,1
60478.74,761,0.049,23.5,38,1,7,8,52861.36,0,1
66398.2,648,0.736,15.8,32,0,1,9,5591.81,0,1
137073.39,561,0.629,8.1,41,2,7,3,62191.77,0,0
27849.1,516,0.489,3.8,38,0,3,1,5123.94,1,0
62119.55,781,0.343,5.6,58,2,4,10,66063.78,0,0
30847.45,729,0.711,6.5,66,1,5,1,50915.52,0,0
64715.52,687,0.258,0.0,23,1,10,9,15381.04,0,1
30966.36,645,0.615,0.5,61,1,4,7,13398.44,0,0
39787.84,638,0.454,4.5,66,0,3,9,5654.55,0,0
42296.31,594,0.429,0.0,54,0,4,5,57406.26,0,0
79850.26,645,0.315,12.0,70,1,8,6,81622.19,0,1
77592.59,510,0.484,3.4,35,1,5,5,86371.66,0,1
26295.19,621,0.098,1.5,61,1,9,2,59077.54,0,0
50385.92,655,0.465,2.5,53,1,4,6,89280.94,0,0
34379.31,729,0.466,9.5,35,0,4,10,86888.05,1,1
26127.6,677,0.583,13.1,55,3,6,3,71331.15,1,1
43980.05,744,0.439,0.6,45,0,6,2,39492.89,0,0
42014.02,788,0.342,7.5,28,0,8,9,83583.27,1,1
164943.5,765,0.417,4.3,27,3,2,10,42209.27,0,1
60869.04,718,0.275,4.4,55,0,1,8,43310.12,0,0
24616.97,681,0.195,7.6,55,3,6,8,69417.13,0,0
36960.79,602,0.267,1.3,46,0,7,7,93152.28,1,0
81690.39,739,0.155,3.8,44,0,7,7,52501.88,0,1
139277.19,814,0.317,1.9,27,0,2,8,21835.1,0,1
22181.38,707,0.417,0.5,40,1,7,7,18533.05,0,0
20000.0,833,0.088,0.6,63,1,6,8,33712.65,0,0
124926.72,558,0.329,0.7,62,0,1,3,48477.18,0,0
59564.03,588,0.175,4.8,52,0,6,9,33277.92,0,1
31756.53,748,0.432,0.6,70,0,5,10,72632.19,0,0
64043.29,701,0.325,4.2,64,0,8,2,56551.95,0,0
20000.0,785,0.337,4.4,26,3,6,2,43639.49,1,0
49103.61,679,0.06,11.7,39,1,1,9,25273.47,1,1
57751.85,611,0.21,4.9,25,2,3,6,62514.41,0,1
77818.55,663,0.297,21.2,42,0,5,1,69039.52,0,0
29526.75,557,0.398,0.2,58,0,1,2,79496.21,0,0
51166.67,590,0.272,6.1,26,1,4,3,99130.41,0,0
30862.21,758,0.329,0.1,64,2,5,8,26976.21,0,0
55697.57,750,0.049,6.5,48,2,4,10,6435.63,0,1
31329.86,709,0.265,2.4,57,1,8,4,52542.22,0,0
39972.6,542,0.599,4.7,20,0,5,8,92780.46,0,0
29794.89,651,0.362,1.9,23,0,4,9,28632.32,0,0
67884.85,582,0.19,0.9,50,1,5,2,76808.14,0,0
75299.26,774,0.33,6.4,62,0,4,8,35353.55,0,1
43594.65,633,0.233,11.7,63,2,6,4,42164.01,0,0
49967.05,593,0.373,1.0,54,1,6,4,95033.91,1,0
23758.71,682,0.429,12.7,28,2,6,9,48796.7,0,1
42199.42,629,0.372,0.8,28,1,7,7,73905.61,0,0
47805.58,799,0.352,6.7,64,2,4,3,57236.18,0,0
181751.66,621,0.215,16.0,24,0,4,7,77571.01,0,1
28113.82,568,0.169,0.8,54,1,1,5,35149.72,0,1
101934.79,508,0.357,2.9,46,0,8,10,88305.0,0,1
80694.8,678,0.124,2.1,40,1,8,2,57147.63,0,1
56405.29,635,0.254,2.5,41,1,4,5,34370.29,1,1
118102.74,566,0.453,7.0,67,2,7,9,8628.88,1,1
59044.86,775,0.67,5.4,63,2,7,10,6254.79,0,1
59550.48,733,0.491,17.3,63,1,4,1,38569.81,0,1
47735.93,678,0.485,1.0,39,0,7,2,25491.54,0,0
90380.56,789,0.062,3.9,24,3,6,1,10004.5,0,1
84815.59,733,0.352,3.0,70,0,4,5,57520.4,0,1
35852.24,614,0.391,12.6,26,2,6,8,98934.96,0,1
25346.0,597,0.187,0.1,45,1,6,4,45121.04,1,0
44289.8,745,0.266,22.6,32,2,9,6,57450.73,0,1
32858.99,712,0.362,3.3,45,1,6,9,25881.39,0,1
47488.26,694,0.162,4.9,34,1,7,2,24467.08,0,0
91009.49,612,0.51,2.2,65,1,4,7,36195.48,0,0
39001.26,729,0.426,9.6,68,2,3,8,84329.9,0,1
47982.34,620,0.266,4.1,39,0,2,5,96254.75,0,0
50463.79,672,0.512,5.4,22,2,3,5,75273.9,1,1
74922.94,796,0.087,5.2,52,0,7,1,6952.85,0,0
20000.0,627,0.178,2.3,38,2,6,3,46649.26,1,0
36194.04,554,0.359,0.4,69,0,3,1,44966.73,0,0
54482.88,596,0.524,8.2,23,0,2,1,93844.03,0,0
89325.25,760,0.323,1.7,24,2,9,8,75828.98,0,0
38332.32,700,0.391,9.5,54,2,6,8,72867.12,0,0
20000.0,670,0.09,4.7,57,1,7,2,58653.73,0,0
66826.55,639,0.391,2.2,42,3,6,2,66354.31,0,0
35679.04,719,0.504,4.5,32,0,6,9,71367.83,1,1
27042.55,612,0.567,5.2,34,0,5,1,57492.8,0,0
35876.12,704,0.166,6.1,36,0,4,10,85258.7,0,1
44700.38,621,0.2,8.6,30,1,10,6,8504.99,0,1
36229.45,608,0.271,0.9,62,1,6,8,94431.21,0,1
20000.0,629,0.532,14.4,21,1,8,10,78490.83,0,1
76767.23,650,0.038,2.6,39,0,3,1,55251.37,0,0
92729.09,676,0.093,9.8,57,0,2,7,86731.16,0,1
67897.94,699,0.163,1.2,18,1,8,10,83658.15,0,0
27754.61,385,0.282,0.1,64,0,9,9,44842.07,1,1
44322.79,615,0.26,4.3,55,1,2,7,84782.54,0,0
48861.22,649,0.192,2.0,22,0,2,3,22892.12,0,0
66131.28,800,0.103,20.8,65,3,6,8,49574.16,1,1
68471.32,594,0.365,0.6,43,1,6,3,27066.44,0,0
33959.13,693,0.267,0.2,52,2,5,6,16817.83,0,0
51072.31,800,0.272,0.2,64,1,3,4,89987.28,0,0
61613.74,575,0.537,1.2,64,0,7,6,39859.94,1,1
101509.85,712,0.257,4.3,39,0,5,7,70016.43,0,1
69720.75,616,0.28,3.5,30,1,3,8,40634.38,1,0
72731.39,640,0.326,2.2,31,3,6,6,56691.66,1,1
51119.09,616,0.347,0.5,58,0,4,9,38063.98,0,0
99233.36,621,0.175,1.3,66,0,8,3,75559.04,1,0
60167.13,850,0.653,1.0,22,1,6,1,79714.04,0,0
31871.14,748,0.107,6.8,19,1,6,3,45900.6,1,0
98882.25,768,0.46,7.6,61,2,3,9,86663.26,0,1
69490.94,719,0.409,7.5,38,1,7,9,38753.85,0,1
39280.28,551,0.241,17.4,32,0,7,5,77433.78,0,1
38570.91,712,0.265,10.8,28,3,1,8,66756.06,0,1
56856.61,766,0.08,3.4,36,1,4,8,48318.2,1,1
61795.91,612,0.468,2.7,69,1,4,1,89447.21,0,0
54103.07,757,0.299,12.4,69,1,6,5,59364.07,0,1
57276.99,736,0.385,4.7,35,0,4,2,84817.34,0,0
114688.92,828,0.567,1.7,68,0,5,1,74666.74,0,0
83765.09,647,0.102,4.2,34,0,5,7,55594.55,1,0
53923.29,592,0.22,24.2,62,3,6,5,36009.93,0,0
78484.41,651,0.428,9.5,29,2,6,3,95357.99,1,1
29253.02,795,0.217,1.7,61,0,3,2,10390.86,0,0
59812.12,534,0.276,15.3,36,1,6,10,89976.19,0,1
121134.06,515,0.367,19.9,28,1,7,6,53107.33,0,0
43957.43,687,0.148,1.3,67,0,4,1,76130.4,0,0
32086.26,645,0.457,11.3,29,1,3,2,36742.5,0,0
35381.9,681,0.354,10.7,70,2,8,4,41499.92,0,0
28429.52,756,0.435,0.2,24,0,8,9,23121.34,0,1
33110.94,636,0.269,5.5,19,2,7,7,95662.37,0,1
40731.05,530,0.232,1.8,63,1,1,1,9113.41,0,0
24275.34,844,0.485,5.6,49,0,3,6,41748.86,1,1
49405.11,600,0.057,12.2,40,2,6,6,36796.58,0,0
76967.5,595,0.222,3.5,22,0,11,9,82242.31,0,1
31136.06,768,0.136,2.7,48,2,6,10,52651.0,0,0
104782.49,649,0.309,12.7,38,1,6,2,21064.89,0,1
63284.52,675,0.205,18.3,43,1,5,1,53356.21,0,0
82066.92,719,0.364,0.3,51,2,10,3,27421.56,0,0
35280.4,767,0.193,12.8,51,0,2,2,6625.75,0,1
75151.59,653,0.301,0.4,68,1,2,8,56731.78,0,0
28396.84,802,0.141,2.1,52,1,7,2,39238.73,0,0
76505.95,509,0.3,7.2,36,1,5,7,27694.44,0,1
53418.89,741,0.063,7.5,35,0,4,3,21362.62,0,0
64642.39,613,0.482,6.5,43,3,6,4,48100.89,1,1
27233.49,790,0.367,0.2,31,2,2,7,87613.98,0,1
31334.19,691,0.523,0.7,38,0,4,6,77022.28,0,0
66079.52,626,0.257,13.8,62,1,6,2,5439.85,0,0
30510.49,733,0.579,0.4,63,1,3,6,74459.26,0,0
61796.57,751,0.507,0.4,51,2,7,9,11908.6,0,0
24746.3,731,0.368,9.0,48,1,6,8,57060.13,0,0
74913.33,598,0.397,5.1,40,0,5,4,79104.41,0,0
26469.23,641,0.062,2.2,51,0,3,9,48062.7,0,0
64611.65,680,0.278,0.9,60,3,4,2,40786.07,0,0
67024.63,677,0.333,10.8,56,1,8,5,94249.94,1,1
34600.18,740,0.074,22.3,20,0,5,10,7780.28,0,1
65579.16,519,0.281,0.3,56,1,3,7,15067.6,0,0
55838.63,707,0.32,4.0,55,0,6,5,87681.19,1,0
37443.15,657,0.14,1.5,23,0,5,1,89192.56,0,0
29605.71,613,0.324,8.9,26,1,6,7,40409.56,0,0
20000.0,621,0.262,2.1,59,0,5,10,56318.71,0,0
58385.63,663,0.338,6.3,47,1,2,8,20617.61,1,1
22417.53,392,0.305,3.9,61,1,3,5,89006.55,0,0
51414.32,624,0.181,3.9,28,1,4,6,49561.05,0,1
42970.79,610,0.248,9.8,20,1,2,6,58588.38,0,1
68842.14,723,0.353,3.2,26,1,4,9,16215.7,0,1
42149.46,616,0.152,9.3,42,0,5,5,63408.14,0,1
41575.91,663,0.39,2.3,45,1,5,7,71103.39,0,0
70681.23,803,0.164,1.0,63,0,7,8,32998.22,0,1
57961.2,760,0.374,3.0,55,1,7,8,90133.99,0,1
57415.98,752,0.457,3.4,70,1,7,8,24370.96,0,0
61984.14,640,0.132,3.3,22,1,10,8,90251.22,0,0
22747.58,723,0.291,8.3,25,1,10,5,71817.7,0,1
71567.36,661,0.382,4.2,22,1,6,2,83930.83,0,1
66584.99,664,0.38,11.0,46,0,5,10,71413.33,1,1
29485.63,713,0.278,3.6,32,1,2,1,45700.21,1,0
43388.94,632,0.079,1.3,54,3,4,2,36499.48,0,0
48066.77,799,0.416,0.7,25,0,6,7,74736.94,0,0
45832.63,667,0.335,10.1,23,0,4,6,33325.57,1,1
57926.48,729,0.32,0.3,42,0,3,7,10876.41,0,1
100276.17,796,0.331,0.6,38,1,2,3,28465.64,0,0
84194.37,763,0.499,0.3,61,1,5,8,76747.24,1,0
25435.23,567,0.313,2.8,62,2,6,2,80355.99,0,0
66905.4,716,0.333,3.8,24,1,9,8,31277.71,0,0
95269.66,748,0.175,0.1,60,0,7,7,36152.69,0,0
59480.53,751,0.393,3.6,47,3,8,10,57187.16,0,0
84583.14,591,0.09,2.5,44,0,4,8,29886.99,1,0
134072.4,627,0.382,7.4,23,0,4,2,62586.49,1,0
81785.46,760,0.198,8.9,56,0,2,7,31794.14,0,1
55528.65,619,0.369,5.8,21,0,6,9,16483.15,0,1
82664.39,656,0.093,3.2,32,2,2,5,19709.06,0,1
52703.86,806,0.02,1.2,23,1,3,8,28802.25,1,1
49610.19,676,0.412,9.4,46,2,3,9,20951.04,0,0
41121.77,622,0.208,2.1,52,2,2,1,97562.55,0,0
107120.18,610,0.467,2.2,64,0,8,10,67545.2,0,1
32558.24,707,0.365,12.4,56,1,11,2,22029.58,0,0
105470.21,573,0.411,18.6,68,1,8,7,45270.8,1,1
62939.68,660,0.325,11.4,58,2,5,3,30567.3,0,0
24351.46,707,0.373,30.0,33,0,7,6,70030.32,0,1
58913.45,784,0.248,10.2,46,1,5,6,87391.26,0,0
20000.0,733,0.15,6.1,42,2,4,8,43078.53,0,1
67020.51,623,0.104,1.7,47,0,3,2,45739.53,0,0
76314.31,774,0.151,15.3,48,0,6,1,42854.28,1,1
36454.57,656,0.368,10.5,55,1,6,9,47676.34,1,0
52144.49,581,0.553,1.4,22,1,4,4,8405.91,0,1
130232.78,666,0.151,3.4,57,1,4,1,61297.45,1,0
38067.9,795,0.348,0.4,25,2,0,9,95443.61,0,0
28869.65,693,0.213,15.3,19,1,7,1,79605.64,1,0
102829.93,681,0.265,4.3,45,1,4,5,86834.08,0,1
130782.85,811,0.191,1.4,48,0,5,7,26767.91,0,1
49111.47,565,0.183,1.7,20,2,6,9,62682.11,0,1
81286.2,577,0.398,19.7,45,2,7,8,89832.19,0,1
95869.0,551,0.056,4.8,46,0,4,8,11517.6,0,0
33818.32,710,0.283,2.7,21,1,7,10,88339.17,1,0
38458.96,693,0.103,3.5,55,2,3,8,11127.57,0,1
90711.3,803,0.309,0.5,29,1,3,10,98391.5,0,1
113835.21,699,0.388,0.4,59,1,7,6,12972.55,0,1
64954.38,648,0.402,4.5,34,1,6,7,39956.82,0,1
31574.11,680,0.147,3.6,43,0,8,9,10191.56,0,0
132393.07,689,0.08,2.2,64,1,4,2,10393.42,0,1
37590.8,546,0.017,4.2,60,2,8,2,87297.0,1,0
41457.79,850,0.076,0.4,59,1,7,2,11042.66,1,0
58172.55,722,0.601,14.4,26,1,3,3,80299.05,0,0
106625.74,697,0.448,1.7,21,0,6,6,91153.7,0,0
75130.96,729,0.363,0.4,49,0,3,10,93829.74,0,0
60320.83,737,0.039,0.9,39,0,4,2,87084.16,1,0
61799.11,669,0.253,0.5,65,0,6,8,95740.61,1,0
50099.05,630,0.143,1.0,36,1,3,3,9920.38,0,0
64800.58,728,0.162,2.7,39,1,5,8,99677.81,0,1
20000.0,711,0.326,6.7,45,0,7,7,6946.42,0,0
42264.23,615,0.529,1.6,59,3,8,3,20818.85,0,0
55307.34,794,0.543,2.9,32,1,3,1,12690.09,1,0
27570.26,703,0.674,13.2,67,2,8,10,75679.55,0,1
59466.1,738,0.2,1.8,46,0,4,5,13267.71,1,1
44256.8,791,0.182,7.9,62,0,3,10,32805.13,0,0
117917.19,682,0.336,0.9,45,1,1,3,65617.26,0,1
107635.94,705,0.281,1.0,58,0,6,8,52311.59,1,1
38835.78,745,0.311,3.0,21,0,3,1,17941.42,0,0
45459.68,622,0.126,1.3,60,0,9,3,54545.86,0,0
47241.41,684,0.202,11.7,45,0,1,10,37362.95,0,1
39111.44,690,0.309,0.3,41,1,4,2,60664.23,0,0
54041.77,604,0.295,4.5,24,1,5,8,56157.11,0,1
33552.24,850,0.398,4.6,57,1,2,2,99003.18,0,0
27852.9,567,0.399,0.3,25,0,4,1,87034.14,0,0
66926.86,576,0.106,6.6,28,2,5,7,5348.4,1,1
67155.41,785,0.138,3.2,25,0,2,7,21721.13,0,0
32788.8,737,0.19,6.4,18,1,6,2,91748.07,1,0
76701.59,598,0.289,8.8,52,3,6,8,56248.45,1,0
35746.62,729,0.103,1.9,32,0,9,9,77149.48,0,0
55635.83,797,0.111,3.3,26,0,5,3,52833.13,0,0
73878.12,678,0.27,1.5,35,3,7,2,79647.6,1,0
48203.83,850,0.182,1.1,44,0,6,2,17613.48,1,0
61535.56,542,0.558,0.0,44,0,3,9,75100.67,0,0
37865.1,736,0.081,16.6,37,1,5,8,87612.66,1,1
44434.29,773,0.645,2.9,44,0,5,10,30236.66,0,0
44226.1,751,0.133,0.1,40,3,6,2,39994.76,0,1
33749.16,664,0.39,0.0,61,0,7,7,61105.27,1,1
44873.96,657,0.644,1.7,20,1,8,9,87483.02,0,0
22599.68,716,0.158,0.1,63,1,3,9,91240.47,0,1
38346.68,745,0.358,2.3,31,1,3,4,55770.43,0,0
42512.88,728,0.171,0.3,56,1,5,8,67516.2,0,1
43127.24,763,0.318,0.2,39,3,5,1,87926.51,0,1
43445.01,598,0.383,5.5,33,2,5,2,26973.24,0,1
47530.07,662,0.368,11.9,50,1,5,8,83395.36,0,0
62300.25,605,0.052,2.6,58,1,4,1,29876.16,0,0
75906.57,649,0.137,9.1,41,0,3,3,60195.38,0,0
35423.03,761,0.064,0.1,42,1,3,5,93793.17,0,0
26860.16,689,0.236,7.5,21,0,5,4,53592.01,0,1
29114.1,850,0.65,0.3,66,2,5,3,13873.98,0,0
38422.5,695,0.578,9.1,62,0,8,10,90101.93,0,1
41111.34,685,0.238,10.7,39,2,1,10,60572.08,0,0
33356.3,688,0.121,7.7,58,1,5,2,11759.33,0,0
25640.84,629,0.654,8.6,34,3,2,5,6000.21,0,1
39024.29,675,0.628,4.1,56,1,1,3,29821.87,0,0
53675.57,770,0.19,1.5,45,2,9,9,16427.42,0,0
66006.91,689,0.12,5.2,42,1,2,10,64701.3,0,1
37096.89,617,0.234,2.9,21,3,8,8,61687.99,0,0
39874.85,606,0.084,0.0,68,2,9,8,84883.7,0,0
30842.56,644,0.195,3.2,62,2,7,1,53769.33,0,0
48256.24,686,0.048,5.3,59,0,3,8,29046.49,0,0
32073.51,775,0.142,0.1,34,1,5,7,9776.85,0,0
65288.02,573,0.194,4.9,33,0,7,2,5997.95,0,0
20071.71,654,0.489,5.3,48,0,6,9,92948.94,0,1
40953.2,692,0.28,0.9,62,2,1,10,18728.69,1,0
56985.59,533,0.205,2.8,67,0,5,8,52423.5,0,0
53740.24,613,0.18,16.7,32,1,7,9,80504.38,1,1
188436.59,626,0.624,10.8,50,0,4,1,93220.14,0,0
58390.01,616,0.132,2.6,56,0,7,8,24161.09,1,1
29672.4,695,0.029,2.2,30,0,4,10,27033.59,0,1
46735.9,667,0.455,0.7,39,1,5,2,22076.21,0,0
20168.49,636,0.22,0.2,28,0,3,8,20098.44,0,0
47084.55,714,0.177,1.8,54,1,5,2,48220.74,1,0
32320.98,818,0.159,14.1,63,0,2,3,65411.0,0,0
77473.8,811,0.289,15.9,64,3,4,8,72094.78,0,1
37243.39,526,0.43,8.4,53,3,8,6,36083.87,0,0
46240.76,726,0.424,2.2,36,1,4,5,64262.07,0,0
35675.56,666,0.347,0.8,52,0,2,3,5225.02,1,0
116941.1,692,0.485,4.5,63,0,8,6,89385.95,0,0
41746.82,648,0.128,5.2,51,3,2,7,87626.46,0,1
122550.51,689,0.024,2.8,39,1,4,6,56688.13,0,0
73649.74,692,0.524,5.9,66,1,3,5,28120.18,0,1
62382.08,634,0.202,6.9,61,2,10,8,97361.61,1,1
58945.38,608,0.475,7.6,64,3,4,6,82010.95,0,1
59688.74,644,0.073,3.5,65,2,5,7,6610.63,0,1
20000.0,699,0.288,7.8,38,2,5,8,49615.91,0,1
42640.44,728,0.15,0.1,63,2,5,6,14697.43,0,1
74800.44,748,0.269,5.7,48,2,5,1,17562.88,0,1
47836.84,640,0.358,1.3,20,1,9,6,5124.29,0,0
24279.92,703,0.396,1.6,51,3,3,8,70332.7,1,0
47753.03,757,0.226,0.5,42,2,2,10,28989.44,1,1
114927.04,773,0.118,1.1,32,1,2,5,33960.06,0,0
91440.69,675,0.222,24.1,68,1,4,6,9468.2,0,1
47524.37,662,0.558,2.7,21,1,11,6,5754.73,1,1
78883.29,695,0.283,13.1,67,1,7,7,80308.67,0,1
40812.61,588,0.055,0.9,26,2,3,8,67833.91,0,1
20911.7,665,0.19,1.1,38,0,8,8,41320.26,0,0
30877.0,740,0.311,4.1,40,3,1,3,11640.34,0,0
107092.09,731,0.524,2.2,56,1,4,4,78701.77,0,0
42744.83,658,0.606,5.2,29,0,7,7,93003.78,0,1
43404.05,697,0.393,2.7,69,2,3,7,55105.97,0,1
42196.01,614,0.169,8.3,57,0,9,5,18199.98,0,1
127015.99,736,0.157,2.8,59,2,4,7,66990.63,0,0
110523.06,674,0.259,4.2,24,0,5,8,11794.14,0,1
148655.99,658,0.272,1.9,43,3,5,7,20725.18,0,1
45273.51,651,0.173,6.1,67,0,4,4,49719.59,0,1
56829.58,675,0.067,5.3,32,0,9,7,28658.15,0,1
22963.9,644,0.35,2.5,26,3,4,2,93370.35,0,0
102587.07,733,0.165,1.6,43,0,4,6,81842.73,0,1
27340.11,648,0.37,4.8,66,3,2,1,31292.85,0,1
54632.69,807,0.338,14.3,43,2,5,1,96560.45,0,0
28320.71,797,0.507,0.7,39,0,3,2,40938.03,0,0
36518.22,609,0.624,8.0,52,1,7,7,58995.45,0,0
32253.08,686,0.085,3.9,67,0,4,10,58581.22,1,1
36172.79,628,0.117,3.7,21,1,8,5,66710.68,0,0
37437.89,654,0.579,16.3,26,1,6,8,28144.71,0,1
37267.08,840,0.436,4.7,25,1,1,1,92594.88,0,0
74359.52,655,0.111,8.9,22,3,3,4,30239.34,1,1
28213.86,709,0.593,3.6,34,0,6,9,68159.88,1,1
54735.66,723,0.075,1.4,30,1,4,1,77747.28,0,0
90127.41,600,0.095,5.9,47,1,2,9,88743.59,0,1
37926.37,612,0.225,12.8,35,0,4,5,48408.93,0,0
34236.26,584,0.444,9.2,39,2,3,2,72610.04,0,0
43684.02,609,0.193,1.1,67,1,3,6,13111.87,1,1
88420.81,452,0.337,1.9,26,3,4,10,78911.88,1,1
54016.99,724,0.042,3.6,38,1,14,9,76787.41,0,1
37586.22,844,0.698,4.2,31,1,5,3,44007.45,1,0
62438.56,692,0.175,1.1,47,2,7,8,34778.48,0,1
28250.15,567,0.344,1.3,56,2,4,4,41118.99,1,0
68918.49,629,0.292,7.1,60,2,4,2,13603.81,0,0
60132.37,643,0.285,6.6,45,0,2,5,65591.54,1,1
42028.19,599,0.108,9.1,62,1,6,9,91738.06,0,1
32231.74,749,0.047,13.5,59,1,4,8,68243.99,1,1
31465.89,745,0.161,1.8,26,1,0,1,60149.46,1,0
64049.32,588,0.366,9.8,31,1,5,9,99116.89,0,1
90625.44,738,0.179,5.5,53,2,2,5,56474.62,0,0
35644.36,802,0.425,15.8,69,0,8,1,37853.96,0,0
61647.83,832,0.412,1.6,38,0,6,1,71942.83,0,0
20000.0,850,0.06,1.6,30,0,5,7,54535.62,0,0
36595.89,608,0.217,6.1,63,0,7,2,97348.5,0,1
48265.41,850,0.334,13.2,28,0,4,3,90305.73,0,0
31106.07,652,0.14,8.7,54,2,2,7,94949.96,0,1
30691.68,633,0.503,6.5,20,3,4,5,5097.09,0,1
35105.4,706,0.224,2.4,19,1,3,8,36750.06,0,1
56732.15,633,0.074,6.3,41,1,3,1,64585.95,0,0
44637.76,712,0.506,8.1,52,2,11,7,34290.27,0,1
20000.0,574,0.313,7.0,25,0,2,6,67362.16,0,1
20000.0,661,0.281,5.6,58,0,3,3,72920.41,0,0
36191.06,783,0.242,0.2,25,1,5,2,64211.97,0,0
61626.26,675,0.1,5.4,46,1,7,3,48534.79,0,0
20000.0,691,0.165,3.3,34,2,5,5,71191.51,0,0
38182.59,718,0.031,16.3,57,3,0,10,79135.76,0,0
37679.67,774,0.319,4.7,60,1,5,9,71128.43,1,1
98141.82,548,0.206,4.7,21,1,9,8,82140.31,0,0
40436.54,727,0.115,25.6,28,0,4,8,94988.93,0,0
59367.04,659,0.078,0.5,64,1,9,7,14738.57,0,0
52608.27,693,0.126,1.6,40,3,4,8,91109.85,0,1
20000.0,765,0.157,5.3,43,1,5,3,30984.29,0,0
71977.12,584,0.166,1.9,27,0,8,5,58558.08,0,1
54595.04,599,0.528,2.1,70,1,5,10,94525.29,0,0
63204.72,525,0.173,11.2,66,1,1,2,63906.9,0,0
200000.0,636,0.177,4.3,18,1,3,3,12996.2,1,1
20000.0,786,0.445,0.5,47,1,8,5,52426.6,1,1
116116.39,670,0.121,1.9,63,2,3,2,89963.08,0,0
42458.24,573,0.7,0.4,40,1,6,5,44148.98,1,0
56594.35,641,0.163,4.1,41,1,1,5,85556.0,0,0
47917.87,561,0.328,1.0,38,2,2,7,80447.4,0,1
39651.41,590,0.529,9.7,19,2,2,1,91111.05,1,0
36867.42,711,0.3,4.3,59,0,8,2,29991.99,1,1
57800.6,586,0.042,0.3,42,1,13,8,52172.74,1,0
22957.8,769,0.202,1.8,46,2,4,8,36844.96,0,1
71345.5,674,0.349,4.8,31,0,3,5,55755.49,0,0
39811.17,687,0.049,2.0,59,2,3,7,6816.67,0,0
27860.5,658,0.048,3.6,59,0,3,2,27958.95,0,0
39143.65,742,0.525,12.0,47,2,5,6,97533.44,0,0
91910.87,743,0.281,2.2,65,0,8,5,62297.38,0,0
37508.86,707,0.078,2.0,24,2,3,9,21465.84,0,0
58643.19,725,0.163,8.6,59,0,6,9,53290.19,0,1
34013.81,663,0.25,1.9,47,1,6,8,71308.76,0,1
71607.92,723,0.318,0.4,30,0,6,3,62353.51,0,0
69061.58,653,0.118,1.0,25,0,7,6,52682.8,0,1
123538.04,680,0.349,14.9,34,3,4,2,69026.3,1,1
44901.12,658,0.334,13.5,63,0,7,5,20859.62,0,0
68482.08,643,0.239,1.3,59,1,4,9,46627.76,0,0
51484.38,625,0.213,4.0,52,1,5,7,76274.81,0,0
93707.72,717,0.198,0.7,23,0,5,6,60048.31,1,0
34220.62,785,0.303,5.6,68,0,5,8,91096.55,1,1
71146.94,774,0.172,1.0,34,0,9,8,47157.29,1,1
44473.61,579,0.245,0.3,50,1,4,4,17557.0,0,0
47472.5,783,0.193,8.7,60,3,4,7,9632.12,0,1
51322.07,655,0.215,2.0,25,2,4,9,50357.23,0,0
55610.1,728,0.343,0.6,52,3,6,10,46569.42,1,1
46253.18,608,0.401,9.0,20,1,4,8,29368.72,0,1
54576.39,691,0.255,7.2,23,3,7,7,61098.98,0,1
107910.67,705,0.7,5.8,56,1,4,7,28766.7,1,1
80235.78,561,0.245,12.1,26,1,6,10,25550.5,0,1
75703.32,729,0.192,3.4,41,1,4,1,64110.71,0,0
39035.64,788,0.053,0.7,31,0,8,10,94769.52,0,1
31425.65,666,0.193,0.3,40,2,0,7,24263.58,0,0
79035.33,789,0.311,1.9,22,0,6,9,22368.11,1,1
75964.65,665,0.57,0.5,57,2,8,1,54338.28,0,0
102368.6,748,0.271,3.8,22,1,5,6,16346.62,0,1
36243.3,503,0.194,0.1,62,0,7,2,32938.36,0,0
43705.34,850,0.245,2.9,52,0,7,9,99122.19,0,1
21595.88,800,0.625,1.0,40,1,3,5,84899.13,0,1
40286.21,657,0.414,2.3,63,3,2,7,72081.66,0,0
80683.17,522,0.418,5.6,28,1,5,1,7472.3,0,0
38822.39,703,0.221,2.2,32,1,8,2,30181.99,0,0
67524.1,564,0.487,2.1,25,0,7,7,59118.51,0,0
44566.98,716,0.093,23.4,38,1,1,7,72476.69,1,0
57643.25,713,0.507,6.3,69,0,2,7,68495.63,0,1
27616.1,605,0.176,3.6,26,2,6,7,22618.87,0,0
51154.45,770,0.254,4.3,61,0,3,2,49297.2,0,0
20000.0,744,0.173,4.8,52,1,11,7,23858.12,0,0
44647.43,758,0.37,0.1,19,1,8,9,92739.16,1,1
21693.4,681,0.342,0.4,67,1,3,6,57954.49,0,1
89589.85,567,0.378,5.2,68,1,6,6,42074.63,0,1
72308.99,758,0.083,2.3,66,2,6,2,92211.78,0,1
61903.72,658,0.13,0.3,44,0,10,6,90876.3,0,1
104872.76,569,0.282,1.8,29,1,7,4,52889.55,0,0
30501.82,788,0.265,0.7,38,2,8,8,70243.9,0,1
117439.85,848,0.328,12.4,50,1,3,8,35290.26,0,1
78127.37,677,0.088,1.1,38,0,4,8,34228.02,0,1
43552.5,850,0.083,0.8,55,0,1,8,57208.41,0,1
86492.25,687,0.278,4.9,59,3,4,2,85431.24,1,1
28193.68,650,0.705,3.7,29,1,6,4,61730.19,0,0
32459.32,630,0.106,4.3,39,0,3,5,48608.7,0,1
36159.87,811,0.072,2.9,68,0,4,8,68093.44,0,1
37628.28,618,0.237,3.1,31,0,6,3,82167.82,0,0
28903.59,739,0.498,7.5,36,0,5,2,79797.53,0,1
90358.61,635,0.463,1.2,20,1,4,9,40206.65,0,0
43069.6,643,0.219,2.5,35,1,3,9,93887.63,1,0
58469.03,762,0.404,15.8,37,2,9,1,6497.07,0,0
36857.87,650,0.108,1.1,23,2,9,1,47824.96,0,0
20000.0,648,0.511,1.7,18,1,8,1,91214.91,0,0
56107.72,771,0.178,1.1,48,2,2,1,71120.58,0,0
20000.0,808,0.287,0.1,34,1,6,8,71879.21,1,0
47367.09,732,0.285,1.6,19,1,4,7,19864.69,0,1
24731.73,628,0.316,0.2,63,0,6,7,60295.29,0,1
132407.29,639,0.111,0.8,48,0,3,9,96860.15,0,0
77317.95,686,0.724,2.3,27,0,4,6,25097.05,1,0
51682.62,706,0.136,0.1,63,0,8,9,36082.19,0,1
92212.72,601,0.527,7.0,31,2,6,7,41919.12,1,1
32107.41,738,0.375,7.9,30,0,4,2,39189.34,0,1
64327.32,687,0.204,2.7,65,0,3,7,64569.72,0,1
54171.23,543,0.075,20.9,27,3,7,5,27284.49,0,1
55938.61,606,0.203,5.7,64,1,3,1,53040.51,0,0
92612.25,640,0.078,6.8,60,1,7,10,43022.72,0,1
70703.2,674,0.178,1.1,34,0,4,8,66225.65,0,0
56633.83,831,0.134,9.1,20,2,9,5,27984.39,0,1
21430.2,699,0.069,14.5,22,0,6,1,57546.85,0,0
30332.56,613,0.161,1.3,24,1,4,2,75334.79,0,0
46103.56,698,0.547,5.8,64,1,2,7,70830.72,0,1
51363.66,652,0.144,6.9,39,1,2,7,84256.56,0,1
27858.63,706,0.17,1.8,20,3,5,8,95835.25,0,1
163707.79,726,0.075,3.2,47,0,6,8,86127.04,1,1
104631.2,777,0.34,0.5,29,2,5,9,94129.5,0,1
66241.28,678,0.213,1.0,30,1,7,4,6663.37,0,0
50818.64,811,0.262,0.3,26,1,8,2,64748.49,0,0
44085.91,753,0.271,4.1,58,3,3,8,30433.94,0,0
30456.08,623,0.209,4.9,18,1,5,2,81854.56,0,1
50957.14,850,0.511,12.4,41,2,6,1,82808.61,0,1
55763.58,706,0.168,3.9,23,0,9,2,9538.03,1,0
26347.26,613,0.44,1.5,47,2,2,5,61577.75,0,1
57935.65,812,0.12,0.3,36,2,4,8,85833.8,1,1
45359.3,846,0.356,10.8,19,3,4,8,60804.27,0,1
20000.0,677,0.047,3.3,42,3,9,7,45426.31,1,1
31882.34,640,0.179,6.7,48,0,7,6,12294.09,0,0
39862.74,666,0.322,0.1,31,1,9,3,74375.81,0,0
125975.64,737,0.213,3.3,58,3,8,1,12090.92,0,0
64749.2,782,0.665,2.0,37,1,6,6,61801.87,0,1
25141.1,726,0.298,0.2,57,1,5,8,92174.56,0,0
62506.02,688,0.251,7.5,48,0,10,7,44815.48,0,1
22614.53,800,0.295,3.6,63,1,5,10,78165.68,0,0
84233.29,655,0.28,2.0,46,1,2,1,80982.04,0,0
38732.63,762,0.178,8.2,28,2,3,1,5982.4,0,0
46778.64,657,0.188,3.0,61,1,2,1,91919.3,1,0
95120.36,714,0.375,0.0,59,0,4,8,22934.1,0,1
25755.88,671,0.309,14.5,69,1,6,2,31856.35,0,0
24378.11,676,0.089,1.5,23,3,7,6,87723.59,1,1
36614.53,650,0.303,8.9,49,1,5,2,70226.17,0,1
82387.53,788,0.177,8.5,44,3,4,8,40326.51,0,1
22932.88,621,0.277,0.9,53,1,6,10,13348.56,0,1
20000.0,621,0.228,3.2,69,2,2,1,41692.11,0,1
39121.23,850,0.069,0.2,46,2,9,5,96801.56,0,0
64593.59,758,0.35,2.2,54,3,8,1,14938.52,0,0
89333.41,489,0.491,6.6,36,2,4,4,85382.52,0,0
38887.16,635,0.542,1.4,34,1,3,10,35903.63,0,1
39906.19,535,0.116,0.6,35,3,6,6,67183.52,1,1
87286.44,604,0.183,3.5,20,1,5,8,64996.63,0,0
20000.0,429,0.137,3.8,33,0,6,8,35930.98,1,1
40365.86,669,0.156,5.6,27,0,3,6,10157.84,0,0
53917.58,589,0.235,7.1,42,1,7,2,19137.77,0,0
61365.89,685,0.228,6.0,42,2,8,6,58755.63,0,1
37990.7,550,0.507,9.3,58,1,6,2,95141.51,1,0
49872.27,687,0.14,1.3,44,1,2,2,92947.97,0,0
20000.0,647,0.464,4.2,42,0,6,7,15779.92,1,1
35273.1,800,0.324,2.2,30,1,9,1,88146.74,0,0
61497.66,793,0.511,16.4,62,0,5,8,27211.9,0,1
29997.01,743,0.269,2.9,23,1,8,4,91437.76,0,0
50488.06,654,0.184,16.1,69,3,7,4,77056.9,0,0
61293.94,839,0.03,7.3,43,2,1,7,96320.07,0,1
41304.44,556,0.133,6.3,28,1,3,2,46964.2,0,0
53382.16,568,0.124,3.4,36,1,7,4,74500.61,0,0
30291.84,673,0.167,2.9,19,1,2,1,74851.12,0,0
44209.47,850,0.248,3.7,27,0,4,1,52136.32,0,0
66510.03,664,0.394,1.7,35,3,4,1,97579.28,1,1
53023.29,665,0.415,11.7,47,1,3,7,28147.92,0,1
36560.89,565,0.265,7.9,25,1,6,7,98690.33,0,1
54836.33,756,0.088,8.1,53,1,4,6,82151.27,0,1
70073.85,756,0.283,2.8,62,0,5,9,63529.23,0,0
20000.0,743,0.247,0.4,48,0,4,9,12180.72,0,1
87512.51,630,0.272,5.7,33,0,2,8,29639.47,0,1
41434.64,623,0.505,2.3,24,1,3,1,84921.81,0,0
60642.12,577,0.086,10.2,19,0,4,2,74174.59,0,0
89198.85,687,0.23,7.6,56,3,3,9,96455.79,0,1
24690.24,594,0.08,0.8,51,2,1,2,42694.79,0,0
34381.69,586,0.171,4.6,43,2,6,8,89973.13,0,1
42434.87,646,0.084,5.9,23,2,4,7,86873.47,0,1
33127.64,641,0.297,4.2,29,2,6,4,96782.76,0,0
116712.43,637,0.443,3.6,60,0,5,1,30882.78,0,0
31939.99,717,0.301,1.3,43,1,5,2,51980.57,0,0
37131.71,686,0.072,1.3,68,0,9,2,12691.52,1,0
54295.39,657,0.204,7.3,70,0,6,9,61137.09,0,1
26874.29,695,0.163,0.1,60,1,6,1,74570.62,0,0
40221.61,601,0.039,7.5,31,1,4,6,27611.11,0,0
57453.24,688,0.567,3.7,30,0,6,5,21116.97,0,1
41505.03,692,0.548,13.8,31,1,5,8,65755.41,0,1
46784.47,560,0.117,29.6,69,0,10,4,42347.14,0,1
37621.61,760,0.364,5.4,35,2,12,1,45523.61,0,0
22988.86,609,0.248,2.7,55,3,6,7,49756.42,0,0
57572.29,687,0.231,3.2,68,2,1,6,53590.06,0,1
117885.2,773,0.722,1.1,61,2,3,5,23574.97,0,0
49473.91,754,0.339,0.5,49,1,3,1,59885.1,0,0
54865.06,683,0.135,4.3,27,0,3,5,11564.21,0,1
69311.17,651,0.219,8.2,27,2,8,5,15783.51,0,0
25986.56,756,0.203,1.5,44,0,9,5,72595.2,1,0
114835.66,734,0.347,2.7,68,1,3,1,74486.27,0,0
54239.48,631,0.175,4.0,65,2,3,9,30300.48,1,1
110849.47,616,0.387,11.9,27,3,3,8,22546.14,0,1
33978.51,514,0.289,0.7,33,1,3,8,10129.31,0,0
121665.53,692,0.028,1.4,49,3,3,6,44794.18,0,0
72227.62,673,0.098,12.5,43,1,9,2,53359.27,0,1
64635.56,771,0.138,0.2,24,0,3,6,90448.63,0,1
55105.91,709,0.221,5.3,37,1,2,10,5233.7,0,1
43292.54,787,0.127,5.1,68,2,7,3,43556.82,1,1
89345.47,624,0.11,2.4,67,1,6,7,44831.77,1,0
52584.67,771,0.392,3.2,47,2,9,7,89222.62,0,0
20000.0,638,0.423,9.7,51,1,5,9,23623.78,0,1
28040.54,742,0.231,0.9,30,1,3,4,11287.8,1,1
44670.88,563,0.214,1.3,57,0,6,3,41252.96,0,0
57239.5,699,0.215,3.6,21,0,6,1,63170.16,1,0
47653.23,521,0.553,2.6,29,0,5,9,86523.72,0,0
90173.01,659,0.115,4.3,18,1,5,5,30557.14,1,1
20000.0,715,0.66,12.7,38,2,1,5,28874.59,0,0
52669.61,638,0.164,12.5,62,2,4,9,35967.78,0,1
20000.0,596,0.199,1.3,69,0,7,2,16232.15,0,0
71672.05,748,0.199,1.8,53,1,3,1,97835.45,0,0
46759.4,672,0.117,0.9,57,1,5,10,56358.69,0,0
60464.09,641,0.06,13.1,32,1,8,1,30861.2,0,1
31826.63,683,0.184,2.5,45,1,4,8,39365.03,1,1
92942.14,850,0.254,3.0,56,0,9,7,87265.83,0,0
82525.48,772,0.484,8.1,44,3,4,8,69003.82,1,0
65628.95,773,0.203,3.6,23,3,3,7,57554.55,0,1
45946.89,715,0.243,0.6,57,0,7,8,73856.7,0,0
65508.07,693,0.211,2.9,29,2,7,4,76803.19,0,0
34425.53,488,0.412,5.0,23,0,3,2,23450.02,0,0
75190.32,626,0.208,6.4,43,0,4,8,20074.56,0,0
111830.59,642,0.34,5.2,22,3,8,9,96836.16,0,1
83726.04,530,0.17,0.6,51,1,7,10,22643.95,1,0
34036.84,587,0.26,1.8,51,1,7,10,49152.38,0,0
58730.16,522,0.464,6.6,31,1,3,6,98364.17,0,0
25679.01,677,0.212,10.6,68,2,7,8,44635.19,0,1
65263.95,746,0.06,0.2,61,2,6,8,53910.66,0,0
61408.39,769,0.298,0.2,24,0,6,4,80844.53,1,0
20000.0,713,0.203,5.2,57,2,2,1,37337.38,0,0
27422.2,603,0.219,4.0,36,2,5,10,45948.22,0,0
42549.81,525,0.289,0.8,57,1,10,5,36556.47,1,0
42174.46,539,0.454,4.0,60,1,7,9,32302.69,0,0
26776.01,578,0.141,18.3,26,0,10,3,49822.72,0,0
59545.1,609,0.247,5.0,52,0,0,8,75859.11,0,1
55588.79,667,0.324,3.0,63,1,8,9,87392.37,0,1
44483.14,599,0.387,8.8,35,2,5,8,49660.96,1,1
33594.05,707,0.144,1.2,22,2,4,10,35495.35,0,1
82814.1,661,0.23,2.7,19,1,5,2,91601.3,0,0
112162.45,681,0.105,3.8,24,2,6,6,36912.95,1,1
38492.52,771,0.23,3.5,18,2,7,8,78625.45,0,1
36095.25,586,0.311,12.7,35,1,5,8,76118.85,1,1
62667.85,713,0.117,1.7,34,0,2,1,9728.7,1,0
40985.98,679,0.363,0.3,24,1,4,1,21875.75,0,0
45720.47,653,0.365,12.4,52,0,5,1,59420.45,0,1
70956.8,751,0.268,1.2,70,0,3,1,87424.6,0,0
20000.0,750,0.049,2.4,65,0,3,8,61429.35,0,1
94764.6,604,0.316,3.8,31,2,7,9,75557.46,0,1
50834.99,665,0.074,18.6,58,0,11,7,74769.13,0,1
39904.86,702,0.316,3.8,67,1,6,3,51964.8,0,0
46881.71,658,0.275,3.0,65,3,12,5,58276.22,0,0
48108.53,727,0.27,4.4,64,2,7,2,11771.75,0,0
20627.89,702,0.062,17.7,59,2,3,9,93134.57,0,1
103514.72,827,0.264,8.5,33,0,6,8,69062.89,1,1
50044.25,558,0.348,0.9,22,1,3,2,19677.21,1,1
61175.44,670,0.129,8.1,43,1,5,1,28180.53,1,0
78887.25,607,0.411,9.2,21,1,4,5,5441.95,0,1
29419.67,728,0.107,5.9,70,1,6,8,30080.73,0,1
62114.58,551,0.292,5.4,37,1,13,8,35079.03,0,0
42880.8,708,0.508,2.9,68,3,3,1,69898.25,0,0
74860.78,630,0.228,5.1,58,1,4,6,50282.46,0,1
20000.0,621,0.064,6.7,39,0,5,3,85063.96,0,0
46651.15,564,0.399,0.7,24,1,3,6,13244.78,0,1
36264.32,643,0.275,1.5,30,1,8,8,72167.07,0,0
60847.83,767,0.575,1.1,53,0,4,5,88114.94,0,0
62008.21,678,0.144,9.2,61,2,3,3,45026.07,1,0
34412.91,730,0.342,5.7,69,1,6,5,32429.69,0,1
34334.74,813,0.39,3.0,25,1,6,2,47328.88,0,0
46382.03,701,0.082,8.7,26,1,2,8,79940.03,0,1
31309.56,635,0.166,6.3,20,2,5,9,92308.93,0,1
74681.81,717,0.116,12.2,32,3,4,4,11230.86,0,0
40757.55,636,0.466,0.4,61,0,3,1,55209.28,0,0
20000.0,640,0.279,3.6,28,1,3,1,65772.47,0,0
40643.29,558,0.358,6.1,46,0,4,8,6660.23,0,1
29165.1,754,0.418,1.2,41,2,11,7,22218.58,1,1
21684.7,649,0.028,2.0,35,1,5,9,10943.35,0,0
26404.42,695,0.594,2.7,50,2,6,5,32585.08,1,0
51777.15,597,0.145,7.9,44,3,4,5,24513.47,0,0
95255.73,715,0.429,3.4,35,1,3,1,51246.03,0,0
57330.74,619,0.502,3.4,54,0,6,5,67257.44,0,0
36197.61,669,0.06,2.8,33,1,5,1,85010.67,0,0
61571.36,750,0.441,1.3,51,0,10,5,33909.36,1,1
38966.39,743,0.203,12.8,68,2,6,1,9788.61,0,1
34637.76,678,0.315,1.9,56,0,6,2,5365.58,1,0
27524.14,539,0.262,4.2,40,1,6,9,85232.41,1,1
20416.23,850,0.064,0.8,57,0,6,1,88422.87,0,0
40337.55,820,0.42,2.8,60,0,6,2,14594.3,0,0
53051.94,738,0.523,11.7,35,0,5,1,5966.71,0,0
46708.81,620,0.262,27.0,55,1,11,7,81025.22,1,1
39815.7,671,0.036,2.2,41,0,6,3,65869.17,1,0
30550.21,637,0.23,0.8,61,1,3,7,57833.73,0,0
66444.55,781,0.42,1.9,33,1,2,9,55654.28,0,0
25372.83,701,0.495,2.0,67,3,4,9,78507.2,0,0
72259.13,617,0.221,5.2,48,2,9,7,32864.87,1,0
29699.68,642,0.117,3.4,36,1,8,9,41965.89,1,0
33650.47,770,0.373,7.3,40,2,10,7,12395.86,0,1
23543.56,808,0.433,6.0,36,1,9,6,58782.32,1,1
38150.68,802,0.544,1.4,26,1,3,9,96277.09,1,1
79830.13,741,0.398,7.7,22,1,5,8,31965.77,0,1
63437.73,660,0.246,9.4,35,1,4,7,93278.72,0,1
79954.34,421,0.112,4.6,42,2,5,3,74274.7,1,0
63644.7,704,0.08,13.1,37,0,6,9,27218.55,1,1
28230.69,680,0.353,7.6,19,1,6,2,67971.16,0,0
41548.03,691,0.216,4.5,48,1,1,6,39792.23,0,0
33186.57,684,0.488,11.8,26,2,6,3,16618.69,0,0
95347.89,574,0.392,4.6,29,0,8,7,13808.56,0,1
26946.42,725,0.153,3.7,24,1,6,8,6636.61,1,1
76638.04,731,0.543,2.2,45,2,3,4,80791.81,0,0
76609.54,735,0.418,10.7,23,0,4,2,89060.73,1,1
122370.68,756,0.342,0.7,31,3,5,9,50841.14,0,1
39940.92,728,0.365,3.2,41,2,7,2,54392.95,0,0
69993.74,647,0.574,3.9,27,1,7,5,70700.69,0,1
153403.34,674,0.303,4.0,41,1,3,7,71586.3,0,1
35996.58,687,0.247,5.3,36,3,5,1,35792.14,1,1
22753.63,689,0.271,3.5,63,1,2,9,20122.28,0,1
20000.0,760,0.443,1.5,59,0,4,1,45889.64,0,0
70007.38,731,0.266,9.7,70,2,10,3,71216.29,0,0
20000.0,846,0.276,5.4,46,0,2,5,81399.78,0,0
40694.18,850,0.089,9.8,48,0,6,3,13470.42,0,1
61001.67,686,0.056,1.6,67,2,3,2,60889.87,0,0
53776.28,373,0.179,5.1,39,0,6,2,10139.24,1,0
60640.75,779,0.172,6.3,47,2,7,5,83354.08,0,1
54783.53,637,0.428,2.4,38,1,4,8,68346.6,0,0
92914.31,616,0.138,8.4,46,2,5,8,71179.45,0,1
30450.02,648,0.216,0.0,22,0,3,2,77363.25,0,0
34944.01,644,0.42,4.5,59,1,8,3,52086.02,0,0
33311.91,729,0.278,4.8,69,1,4,5,33395.3,1,0
74242.79,555,0.161,3.8,21,0,5,2,79638.08,0,0
76895.24,594,0.038,5.0,60,1,1,1,78850.1,0,0
61427.49,707,0.279,0.9,31,1,5,4,17819.61,0,0
88587.57,730,0.396,5.8,28,3,5,9,90762.42,0,1
27200.2,731,0.447,2.0,54,1,4,8,26015.23,0,1
112827.12,617,0.552,3.0,20,1,3,2,34113.64,0,0
104989.89,602,0.398,2.0,42,1,5,2,25512.05,0,0
70813.93,639,0.486,3.2,18,3,7,7,96731.74,0,1
119479.42,699,0.111,4.9,47,1,7,1,33448.83,0,0
21411.61,799,0.628,9.1,42,2,6,10,97283.25,0,1
37713.6,516,0.425,3.3,66,1,7,6,65604.18,0,0
33939.96,662,0.417,2.0,55,1,3,9,21773.64,0,0
70314.95,573,0.312,3.3,25,0,5,3,57615.06,1,0
28996.48,548,0.167,5.8,36,1,4,7,88815.11,0,0
71592.64,757,0.128,2.1,66,1,5,8,58359.1,0,1
97272.16,724,0.134,2.7,56,2,2,9,17596.57,0,1
69397.18,716,0.312,4.1,49,0,3,2,32258.84,1,0
56493.2,754,0.32,1.7,47,1,4,10,26356.7,1,1
29913.45,642,0.505,1.2,39,1,3,8,16956.28,0,1
32098.82,645,0.387,0.8,48,0,1,5,36092.21,0,1
91565.46,850,0.501,2.2,58,0,3,8,67800.96,0,1
72379.22,660,0.195,0.2,25,1,3,4,41338.43,0,0
48073.69,739,0.316,4.4,68,1,4,1,47161.16,0,0
39777.04,681,0.643,1.0,30,1,8,4,35462.67,1,0
20000.0,532,0.098,2.4,41,1,6,5,99474.82,0,1
28697.74,516,0.164,1.6,19,1,7,8,60688.78,0,0
127479.33,634,0.602,5.0,47,1,2,7,84218.83,0,1
25842.41,764,0.386,9.5,38,1,4,5,46926.26,1,1
53892.14,743,0.556,5.0,31,0,7,8,21020.55,0,0
81123.02,753,0.184,3.9,69,1,5,6,85446.73,1,0
26174.44,601,0.096,5.5,40,0,5,5,77526.28,0,1
53763.78,809,0.206,0.2,40,1,7,2,36331.85,0,0
78351.29,603,0.576,0.7,42,2,4,7,62609.67,0,1
49328.12,697,0.596,0.5,24,1,9,9,13879.47,0,1
200000.0,679,0.21,0.5,38,0,5,2,7500.63,0,0
21283.78,666,0.509,1.5,35,0,4,6,82497.12,0,0
83230.09,787,0.478,3.8,42,0,3,7,94483.15,0,0
44963.18,624,0.333,0.6,63,1,4,3,37685.67,0,0
72110.87,572,0.171,13.7,28,1,5,8,61769.45,0,1
61123.62,682,0.326,9.6,50,0,6,1,73142.68,1,1
33976.42,648,0.038,17.8,20,2,4,5,75874.04,0,1
54967.54,850,0.211,0.2,34,1,5,2,50701.77,0,0
20000.0,734,0.276,9.5,43,1,4,10,63261.81,0,0
66278.69,647,0.103,8.1,22,1,4,4,67420.01,0,1
56901.63,596,0.194,11.6,46,1,4,10,14809.25,0,1
67462.7,530,0.152,3.8,34,3,5,5,66285.51,0,1
83204.7,598,0.132,7.8,70,0,3,2,53531.48,0,0
58912.58,689,0.548,0.3,51,0,2,10,40957.46,1,0
52788.29,794,0.527,0.4,31,2,3,10,29864.94,0,1
31554.32,770,0.222,0.6,23,1,1,7,65602.35,1,1
34333.94,698,0.276,12.3,20,3,6,8,20842.1,0,1
88731.24,654,0.339,0.3,23,0,6,6,82029.35,0,0
100525.6,702,0.227,0.5,53,0,10,9,21320.75,0,0
43518.65,639,0.201,13.3,62,1,5,1,78303.64,1,0
50161.41,817,0.244,0.6,26,0,7,2,82654.63,0,0
31185.01,665,0.04,10.2,39,1,3,7,94267.14,0,1
88113.27,673,0.241,7.8,36,3,6,7,49012.65,0,1
68371.3,503,0.336,0.2,52,0,1,5,11050.27,0,1
129392.89,664,0.135,0.1,27,1,4,5,69379.79,0,0
31597.66,747,0.191,3.8,68,1,4,8,31849.14,0,0
40578.6,595,0.292,29.3,56,1,4,1,13809.02,1,0
55034.91,620,0.533,10.6,68,0,7,7,86297.76,1,0
67727.31,743,0.241,1.9,32,0,5,9,18275.05,0,1
44009.74,562,0.267,2.4,49,0,4,7,53105.27,0,0
31682.49,765,0.129,2.5,56,3,5,5,79908.6,0,0
76168.54,637,0.265,6.6,55,1,8,9,23913.92,0,1
70302.85,649,0.325,2.1,19,2,8,7,90180.37,0,1
31003.73,590,0.253,0.8,70,0,5,9,36500.79,0,1
96540.84,710,0.059,6.9,66,0,4,9,42659.66,0,0
88000.64,850,0.28,3.1,24,1,9,2,17491.88,0,0
52425.49,743,0.148,0.4,46,2,6,1,66223.68,1,0
51011.12,611,0.018,7.8,34,1,2,10,52055.04,0,0
64668.46,771,0.136,4.4,64,1,3,7,97545.24,0,1
31861.33,655,0.419,3.4,54,1,3,8,71341.33,0,0
49762.44,790,0.152,5.6,30,0,6,3,77104.23,0,1
20000.0,745,0.347,3.5,20,2,3,9,23913.03,0,1
75980.18,445,0.264,5.2,33,0,4,8,72713.29,0,1
22454.66,600,0.238,10.1,20,1,4,2,57952.48,0,1
103954.64,756,0.165,4.8,25,1,1,8,43364.12,1,1
41561.93,692,0.515,5.4,51,0,4,8,79352.65,0,0
44097.86,598,0.57,4.8,57,2,4,7,97962.0,1,0
35815.39,629,0.305,3.8,42,2,6,5,14004.25,0,0
42445.69,528,0.307,0.9,49,0,3,6,79944.5,0,0
99634.69,673,0.11,2.0,26,1,1,6,92350.55,0,1
20000.0,850,0.261,5.9,34,1,7,9,34942.66,1,0
92826.06,744,0.262,2.8,55,0,3,7,39487.1,0,1
58047.2,850,0.132,2.6,37,1,10,10,80503.35,0,1
26808.9,751,0.586,7.1,36,1,3,6,95596.03,1,1
28633.82,762,0.318,0.0,28,1,4,9,94197.47,0,0
113345.56,838,0.357,5.7,49,2,3,7,10284.51,0,1
30553.87,710,0.271,3.4,60,0,2,10,87785.68,0,0
27538.07,665,0.365,2.4,42,1,4,9,60713.08,0,1
86565.56,763,0.206,2.1,24,2,5,8,45007.02,0,0
58062.57,796,0.385,0.9,62,0,10,3,85325.74,0,0
30669.91,642,0.162,2.0,22,3,3,9,81041.2,0,0
54628.58,622,0.441,2.5,43,1,5,3,53388.12,0,0
29352.23,691,0.209,2.9,32,2,5,6,44018.44,0,1
85000.35,747,0.359,5.6,67,2,3,4,49884.96,0,0
83340.13,744,0.281,3.0,56,1,6,7,35243.9,0,1
63959.36,566,0.131,8.0,47,0,5,7,69649.45,0,1
58737.32,833,0.542,5.1,53,0,2,8,89743.19,1,1
118254.46,629,0.244,1.1,46,0,3,8,28797.5,0,0
49013.11,659,0.301,1.6,26,1,5,9,83423.24,0,0
27148.12,608,0.418,0.4,55,0,8,7,39270.71,0,1
61373.72,850,0.453,14.6,44,1,11,8,17523.74,0,1
139110.45,699,0.48,10.9,51,0,6,10,8847.03,0,1
29514.01,612,0.183,0.4,20,0,7,2,50539.35,0,0
40915.68,749,0.177,4.3,25,1,10,1,58989.79,0,0
60368.52,742,0.245,16.1,49,1,9,6,5573.19,0,1
47717.22,665,0.49,6.9,42,2,5,1,66999.54,0,0
29996.87,747,0.611,3.4,30,0,4,1,54260.3,0,0
85899.13,614,0.374,1.4,31,0,5,7,99754.52,0,0
156376.27,641,0.047,1.6,51,3,2,9,14928.98,0,1
54071.67,519,0.592,6.7,21,0,5,1,71976.81,0,1
31193.53,574,0.35,7.6,41,2,6,1,25618.05,1,0
22595.81,825,0.213,3.8,45,1,5,9,24602.5,0,1
55769.81,811,0.264,0.6,34,0,3,6,6778.3,1,1
85130.33,685,0.304,13.6,61,1,7,1,5621.65,1,0
62167.27,813,0.567,9.3,21,3,6,9,22729.16,0,1
48961.92,667,0.468,0.8,63,2,3,1,21672.73,0,0
36510.83,661,0.057,0.3,56,1,2,7,5041.55,1,1
28393.58,685,0.282,3.8,41,1,10,1,73129.16,1,0
74412.24,670,0.127,1.7,66,1,6,2,52848.99,1,0
77411.13,663,0.5,1.7,55,1,1,1,42633.82,1,0
22632.34,771,0.438,0.5,66,1,6,9,14860.46,0,0
108544.93,692,0.163,15.3,43,3,4,7,36720.33,0,1
65318.83,737,0.313,8.9,42,0,6,7,49706.0,0,1
98695.77,763,0.541,0.6,46,1,9,9,99814.55,0,0
25057.69,711,0.418,10.5,21,1,8,10,53506.96,1,1
24762.56,602,0.246,5.7,65,1,5,1,6853.3,0,1
45502.17,572,0.222,2.0,53,0,3,6,24735.45,0,0
63031.65,692,0.303,10.2,50,0,4,10,38679.56,1,1
120352.52,666,0.586,4.6,66,1,4,5,48313.02,0,0
69775.59,687,0.182,9.4,70,2,5,6,69056.58,0,1
43419.3,679,0.425,3.2,26,1,3,7,61106.33,0,1
29343.18,850,0.085,3.5,57,1,4,4,53380.18,0,0
90671.67,574,0.362,1.7,48,1,7,9,84599.97,0,0
30261.98,521,0.067,2.5,42,1,7,8,23643.66,0,0
110661.83,707,0.372,4.2,69,0,4,6,12398.55,0,0
42523.31,650,0.425,14.7,62,0,5,3,84629.43,0,1
108585.27,705,0.171,4.6,54,2,5,2,48905.6,0,0
68834.86,727,0.519,0.8,38,1,4,5,57568.65,1,1
45775.41,783,0.436,0.0,53,0,7,2,84551.53,0,0
37808.98,559,0.255,9.5,46,0,3,9,94852.35,1,1
41338.36,635,0.426,2.3,31,2,2,8,57440.07,0,0
60727.89,714,0.029,1.9,41,1,0,3,82164.37,0,0
50948.89,742,0.567,8.1,29,3,10,8,56754.4,0,1
36428.05,850,0.074,14.5,44,1,3,2,8165.76,0,0
45124.67,756,0.143,6.9,55,0,6,3,95806.56,1,1
50985.09,675,0.023,1.0,20,2,6,7,82687.88,0,0
20000.0,609,0.313,2.5,58,0,2,3,76575.11,0,0
61641.1,635,0.087,7.1,19,1,2,8,46973.45,0,1
30035.62,633,0.384,11.9,45,0,5,1,94541.79,0,0
27538.32,732,0.285,30.0,48,1,5,6,51535.41,0,1
21085.22,701,0.069,3.6,58,2,3,5,73474.73,0,0
20000.0,574,0.291,8.6,58,1,4,2,14556.29,0,1
24891.37,645,0.18,0.2,40,0,5,9,25791.79,0,1
34388.91,750,0.398,1.7,21,1,7,5,45299.52,0,0
130174.3,708,0.117,2.3,54,1,3,8,60223.31,0,0
37686.61,725,0.215,18.6,45,2,5,3,81527.69,0,0
53576.99,711,0.196,0.0,35,2,9,10,27882.83,0,0
59888.55,810,0.324,1.8,30,0,6,3,78563.8,1,0
52340.86,699,0.173,13.3,24,2,9,3,89549.26,0,1
47158.91,649,0.519,1.8,33,0,8,5,82752.78,0,1
26966.57,607,0.419,1.3,42,0,6,3,64129.27,1,0
101261.72,700,0.336,6.5,43,0,3,7,81949.29,0,0
121006.35,485,0.58,6.8,48,0,5,2,88362.69,0,1
21134.68,665,0.043,3.2,37,2,6,8,57734.51,0,1
29377.54,664,0.406,14.7,66,1,6,9,81965.33,0,0
42620.68,571,0.448,1.1,44,1,3,1,45007.0,0,0
30264.51,606,0.186,12.2,40,3,3,3,54635.46,0,0
63131.98,745,0.321,7.0,21,1,8,6,9998.14,0,1
34059.49,698,0.344,2.3,49,0,1,6,88931.56,0,1
144715.94,688,0.097,8.2,49,1,4,8,18335.22,0,1
88900.61,705,0.399,0.7,48,2,3,2,31238.64,0,0
54518.04,687,0.47,0.7,64,3,1,2,35158.98,0,0
81919.57,779,0.235,13.3,58,1,4,5,16010.57,0,1
85216.49,690,0.11,0.5,63,2,2,7,92566.58,0,1
36976.07,563,0.092,0.0,21,2,5,3,97153.2,0,0
32594.26,810,0.173,2.5,35,0,2,1,87193.7,1,0
50974.03,710,0.51,0.5,35,1,6,5,37904.67,0,0
75419.27,633,0.337,9.9,52,0,10,7,10247.51,0,0
52550.52,580,0.302,12.8,41,1,4,10,22374.69,0,1
22281.27,712,0.364,3.3,58,2,6,8,78349.49,0,1
32813.25,671,0.456,2.8,38,2,5,4,32167.55,0,0
47240.82,806,0.328,3.9,30,1,4,9,89797.5,0,0
47200.85,652,0.763,1.3,33,2,6,7,84337.33,0,0
131435.44,613,0.289,1.8,27,0,6,5,27509.8,0,0
24514.16,752,0.504,0.5,28,0,8,3,70878.18,0,0
63120.11,754,0.57,3.0,29,0,6,3,47017.99,0,0
103213.67,693,0.355,4.7,19,2,5,6,25419.98,0,1
152622.81,734,0.224,13.3,55,2,9,7,61060.68,0,1
40046.69,677,0.187,6.7,39,1,2,1,84549.18,0,1
62674.8,699,0.248,6.4,19,3,5,9,93045.36,0,0
65178.19,773,0.264,1.8,37,2,4,7,10579.26,0,1
54054.11,730,0.429,11.0,65,1,3,1,44779.82,0,1
46656.96,666,0.187,14.7,45,1,7,4,62420.03,1,1
60960.88,788,0.166,13.5,69,2,5,10,37109.15,0,1
20000.0,491,0.088,0.2,46,0,4,8,35178.03,1,1
68942.96,844,0.54,4.6,68,0,2,1,78333.7,0,0
52213.11,544,0.297,5.2,28,0,6,9,79338.23,0,1
43860.2,630,0.056,1.7,33,2,7,3,74247.52,0,1
136411.47,677,0.247,24.4,54,3,4,8,90359.89,0,1
34980.04,668,0.164,1.7,69,1,3,9,51997.26,0,1
40073.16,761,0.382,1.2,61,3,7,1,79842.12,1,1
132690.77,595,0.001,3.3,47,1,9,8,6065.1,0,1
32337.06,701,0.189,2.0,22,1,6,8,98805.81,0,0
37232.69,634,0.108,12.9,37,2,3,9,92327.17,0,1
45546.42,704,0.225,2.9,22,1,8,1,84928.15,1,0
74635.18,675,0.36,2.6,34,1,10,9,60837.83,0,1
54388.13,687,0.403,4.9,31,0,5,6,56694.66,0,0
25685.64,636,0.348,0.4,38,0,5,2,19262.37,0,0
37568.29,639,0.144,7.1,62,1,7,2,10126.51,0,1
36182.21,703,0.119,7.3,26,0,1,2,29308.3,0,0
47164.16,755,0.125,3.2,34,2,5,8,19343.05,0,1
60652.85,632,0.203,15.6,32,1,5,8,58278.0,0,1
60421.66,610,0.044,4.3,33,1,5,9,36592.21,0,1
20170.86,729,0.075,5.9,37,2,4,1,41846.44,1,0
83447.29,677,0.022,12.9,31,3,6,9,7507.22,0,1
55619.24,746,0.071,5.5,67,0,7,7,57118.68,0,0
97955.25,608,0.136,2.8,40,1,8,7,67335.64,0,1
61212.04,538,0.153,0.1,24,2,6,5,36768.49,0,1
85021.67,637,0.05,6.5,42,0,4,8,17469.03,0,1
61899.83,619,0.303,16.7,28,0,2,7,71854.11,0,0
96096.95,674,0.4,3.2,29,1,5,8,17253.32,0,0
63648.14,629,0.527,2.1,33,1,5,4,82601.36,0,0
46678.66,739,0.439,3.7,24,0,6,2,56872.13,0,0
152697.99,657,0.173,6.5,55,1,4,6,27557.19,0,1
76459.66,692,0.423,0.0,59,1,7,10,90379.26,0,1
65308.16,693,0.303,10.9,39,1,5,1,18468.37,0,0
25896.1,696,0.337,10.9,54,2,4,2,62112.45,0,0
25741.15,678,0.161,3.9,38,2,3,8,63663.57,0,1
56746.98,721,0.101,0.7,27,1,3,9,8544.2,0,1
52720.55,616,0.211,5.6,39,1,5,8,62922.84,0,1
36059.97,792,0.083,0.7,47,2,4,8,70950.58,0,1
52601.05,661,0.347,3.5,20,1,3,5,91462.57,0,0
108479.17,575,0.227,0.5,52,2,4,6,72348.77,0,1
69404.1,695,0.253,4.4,57,1,7,3,51020.92,0,0
27708.53,612,0.524,1.9,63,1,7,9,86063.5,0,0
46362.47,733,0.105,8.9,23,0,1,9,38609.63,0,0
32778.13,850,0.033,8.0,18,2,4,8,86273.92,0,1
40382.43,617,0.337,30.0,22,1,9,7,85177.18,0,1
39862.53,707,0.204,1.5,66,2,14,1,62347.67,0,0
38606.55,540,0.292,0.3,58,1,3,2,37739.22,1,0
26171.66,716,0.405,2.9,61,0,7,10,61164.51,0,0
45989.7,609,0.706,0.4,45,1,4,2,91060.32,0,0
37037.87,630,0.472,1.0,45,0,4,3,65471.26,1,0
20000.0,592,0.231,4.5,34,1,4,8,84801.22,0,0
136828.83,739,0.131,4.5,62,1,6,8,37739.48,0,0
84489.69,761,0.301,0.2,61,0,11,7,32769.45,1,1
40613.25,682,0.136,2.9,38,0,7,8,29305.46,0,1
49484.24,611,0.35,3.8,35,2,8,9,51668.8,0,1
27287.2,807,0.608,1.6,56,2,2,9,46037.73,0,0
114446.35,620,0.76,10.3,19,0,5,5,86150.99,0,1
126581.84,507,0.322,0.9,63,1,5,4,15697.21,0,1
53015.88,717,0.176,1.5,41,1,2,7,57634.46,0,1
81778.15,592,0.276,0.9,41,1,3,1,43323.62,1,1
53511.05,759,0.253,0.6,53,0,6,2,94069.14,1,0
25125.47,650,0.093,10.6,52,0,7,1,79897.0,0,1
39898.27,728,0.3,1.6,32,2,4,7,46168.35,0,0
52363.44,792,0.164,6.4,67,2,5,1,65858.28,0,1
39055.0,583,0.235,2.8,69,1,5,8,75831.16,0,0
43944.09,635,0.323,5.1,45,2,2,1,11758.44,0,0
46830.98,674,0.57,13.2,47,1,3,10,69003.38,0,0
47077.98,803,0.542,9.3,47,0,6,8,18251.53,0,1
50318.56,627,0.179,0.4,43,2,8,3,22950.05,1,0
28845.16,632,0.362,9.3,67,0,8,3,48815.1,1,0
34251.72,718,0.511,3.0,31,2,4,1,98048.0,0,1
25789.12,634,0.165,2.2,24,1,3,3,95454.94,1,0
79930.1,692,0.337,5.6,66,1,6,9,90715.72,0,1
20000.0,556,0.165,15.0,29,1,6,5,8261.27,0,1
87272.89,850,0.291,0.5,57,2,4,3,86019.44,0,0
98044.3,572,0.329,7.3,29,0,3,8,78735.77,1,0
42146.62,654,0.486,1.1,68,0,4,9,52384.2,0,0
20000.0,677,0.575,2.4,59,2,2,7,35915.47,0,0
40918.79,833,0.508,10.4,66,2,7,1,76780.9,0,0
47472.6,574,0.481,3.9,67,2,5,8,15167.76,0,1
29575.48,839,0.259,0.3,22,1,7,2,66792.12,0,0
37888.04,741,0.124,3.5,41,1,5,1,68828.18,0,0
105355.71,713,0.062,7.8,52,1,6,9,57601.1,0,0
68354.56,601,0.484,3.8,60,0,5,5,88389.15,0,1
30875.49,726,0.485,0.9,31,2,5,2,36336.69,0,1
22052.92,622,0.263,2.9,66,2,8,1,50425.32,0,0
41626.46,781,0.542,12.9,29,3,7,8,77072.92,0,1
44058.41,602,0.248,5.4,63,1,3,3,73085.26,0,1
62824.45,671,0.36,6.5,45,1,5,7,58433.73,1,1
37509.2,636,0.59,7.7,45,2,6,7,30852.82,0,0
63306.91,601,0.048,0.5,37,2,5,6,32953.8,0,0
129001.2,739,0.291,4.4,23,2,6,8,75414.5,0,1
73699.44,723,0.389,2.4,36,1,4,9,5545.68,0,1
47856.19,777,0.116,0.7,40,2,4,4,67009.77,0,1
44731.12,538,0.379,1.1,43,0,7,2,28585.97,1,0
41013.78,765,0.131,7.6,56,1,7,7,68934.47,0,1
88461.3,850,0.354,0.9,36,0,5,5,22759.1,0,1
35822.92,644,0.289,1.9,39,2,8,6,40761.7,0,0
50141.85,832,0.492,1.7,65,1,7,6,76612.54,0,1
50291.88,659,0.135,0.2,57,0,6,8,76744.11,0,0
38143.4,570,0.188,3.1,19,1,6,2,24920.53,1,1
24680.46,656,0.446,7.3,60,0,6,7,40746.75,0,0
57612.06,764,0.136,0.1,69,0,6,9,52738.06,0,0
47548.14,613,0.296,0.6,67,0,5,4,60799.11,1,0
62951.52,632,0.364,6.4,61,1,4,10,75531.26,0,1
37541.41,727,0.284,4.5,51,0,5,6,7245.5,0,0
90256.48,680,0.425,6.3,32,0,6,7,15955.77,0,0
31622.15,727,0.515,1.3,52,0,10,2,19983.68,0,0
115383.9,699,0.369,8.1,54,0,3,6,23112.96,0,1
20459.07,718,0.108,3.3,33,0,4,4,7875.97,0,0
60924.16,645,0.198,4.7,31,1,3,6,92444.77,0,0
62175.44,699,0.184,0.5,39,1,7,8,20408.52,0,0
32932.7,606,0.392,1.1,51,3,3,1,11995.71,1,0
60608.9,783,0.18,7.4,33,0,4,1,49813.91,0,0
92944.64,629,0.035,1.3,47,2,5,6,94412.4,0,0
20000.0,770,0.547,0.5,65,1,4,7,96616.65,0,1
63030.4,661,0.113,4.5,33,1,3,10,69258.27,0,0
20000.0,696,0.227,4.0,68,1,3,8,21943.13,0,0
30247.46,640,0.367,4.7,43,0,6,6,5360.6,0,1
110700.45,599,0.228,4.8,23,1,6,7,36828.06,0,1
36647.81,540,0.236,3.5,21,2,5,9,16918.33,0,0
27256.85,596,0.792,3.4,36,2,3,10,76734.08,1,1
44401.62,654,0.195,12.9,31,3,4,2,97065.06,0,1
137854.38,697,0.546,3.8,62,2,4,6,12953.66,0,0
20000.0,761,0.194,4.8,56,1,6,9,42708.77,0,1
28979.53,644,0.482,1.6,64,1,4,1,90734.6,0,0
103643.86,609,0.095,10.2,49,2,4,1,74187.65,0,0
124101.02,565,0.129,0.1,41,2,5,7,87629.15,0,0
46550.1,718,0.461,4.1,32,0,4,10,92682.92,0,0
26382.96,791,0.2,2.4,48,1,4,5,44198.58,0,0
139793.52,781,0.697,4.6,50,1,6,7,70897.9,0,0
108795.06,737,0.312,2.2,38,1,7,1,72386.82,0,0
68835.4,731,0.34,6.3,67,2,5,3,64927.52,0,0
32656.49,816,0.198,0.1,51,1,4,5,35948.52,0,0
47833.68,707,0.097,2.6,62,3,11,8,84056.04,0,1
45243.76,732,0.229,8.9,50,2,6,6,78045.24,0,1
57839.41,654,0.04,1.4,34,0,2,9,47295.24,0,0
101265.47,571,0.415,0.3,56,0,8,8,44991.93,0,1
76092.77,625,0.168,3.4,30,1,4,5,6024.44,1,1
28604.29,679,0.308,18.8,49,2,5,10,85127.21,0,1
97562.48,685,0.362,0.3,39,0,5,5,31978.48,0,0
57329.24,834,0.171,0.4,26,1,7,2,49726.35,1,0
69115.4,687,0.32,4.5,39,1,4,2,44073.6,0,1
102055.33,774,0.222,1.4,34,2,2,8,69423.23,1,1
28119.26,645,0.206,2.6,24,0,5,1,42059.84,0,0
48150.52,655,0.3,8.9,61,0,6,6,22074.97,0,1
37581.71,574,0.198,1.1,44,0,3,8,87518.6,0,0
22383.3,621,0.583,6.4,36,1,5,8,22436.88,0,0
58299.86,722,0.088,3.5,44,0,5,3,7700.8,0,1
172090.93,681,0.253,11.8,57,2,5,4,23642.78,0,0
20000.0,755,0.104,18.1,19,1,6,8,48238.71,0,1
48235.94,695,0.694,3.3,46,1,4,9,45206.68,0,1
67526.23,652,0.546,4.4,43,3,4,2,80650.5,1,0
52132.25,850,0.517,6.8,64,1,7,5,23518.5,0,0
46324.95,672,0.021,1.9,47,0,7,10,78683.0,0,0
25601.13,773,0.342,1.3,25,2,6,3,14154.97,0,0
55071.82,648,0.24,16.7,38,0,5,5,49997.76,0,0
33577.72,737,0.461,2.8,50,0,3,7,87206.25,0,0
20000.0,754,0.266,0.0,20,1,6,5,44228.71,0,0
89080.53,697,0.218,9.1,64,0,5,6,96511.68,0,1
79157.35,492,0.369,4.6,22,1,6,6,64948.76,0,0
50303.53,681,0.406,0.9,20,1,4,1,76881.94,0,0
54969.7,778,0.267,0.2,18,1,12,6,53436.49,0,0
83881.39,722,0.419,1.7,54,0,5,3,45826.99,1,0
54839.71,716,0.244,13.1,42,1,4,4,13044.38,0,1
77034.51,542,0.346,13.6,23,0,8,7,16395.17,0,1
42245.74,622,0.674,1.9,63,0,3,1,59311.86,1,0
94465.68,713,0.262,9.0,29,1,5,3,63295.21,0,0
57549.05,713,0.436,2.9,35,1,7,3,98551.71,0,0
54015.48,777,0.386,5.3,27,1,3,9,86485.61,0,1
25977.07,668,0.213,2.0,66,0,5,2,85226.25,0,0
56583.8,712,0.302,3.6,57,3,5,8,32227.36,0,0
32338.78,681,0.185,1.7,56,0,4,10,44119.29,0,0
35626.99,601,0.166,0.3,20,2,3,4,14702.26,0,1
32607.98,500,0.234,0.8,45,0,4,8,60245.96,1,0
28764.08,714,0.103,1.7,48,1,2,9,11606.09,0,0
141830.18,694,0.373,18.7,38,1,4,7,47448.93,0,1
95384.32,631,0.247,16.9,35,1,5,8,58788.98,0,1
128050.98,550,0.656,8.8,62,0,7,9,26677.57,0,1
26596.97,730,0.164,1.3,19,1,4,6,78667.21,0,1
50798.74,659,0.541,2.9,51,2,5,6,69110.53,1,1
25674.31,725,0.738,2.9,39,2,4,8,19047.19,0,0
34618.81,829,0.344,2.4,53,0,1,6,98449.65,0,1
30975.02,509,0.233,0.2,28,1,10,3,56494.32,0,0
91107.19,624,0.269,3.8,30,0,5,2,7509.71,0,0
40210.57,663,0.433,0.4,49,0,7,7,38260.44,0,0
83632.68,796,0.326,8.1,69,0,5,9,98034.52,1,1
66307.64,549,0.086,5.9,69,0,6,7,90719.39,0,0
155099.07,835,0.11,2.2,31,2,3,5,19360.48,0,1
23395.01,691,0.6,5.2,23,1,5,5,86225.54,0,1
92006.69,672,0.053,1.3,49,2,2,7,63749.03,0,1
86961.47,664,0.166,1.5,40,2,4,7,7064.78,0,0
30131.02,645,0.551,1.9,58,1,3,8,76955.87,0,0
81110.42,764,0.289,8.0,45,1,4,8,44219.45,0,0
57992.7,595,0.561,1.2,45,3,5,10,42633.2,0,0
43750.66,708,0.355,4.1,52,1,5,3,41366.01,0,0
32468.71,649,0.19,1.1,25,1,5,9,61673.04,0,0
34215.88,619,0.269,1.7,53,2,3,9,72850.38,1,0
136612.82,850,0.089,1.3,43,0,5,3,66526.04,0,0
49037.54,714,0.324,5.2,61,1,8,8,27967.38,0,0
72479.93,729,0.333,3.7,25,0,7,5,72146.21,0,1
33009.49,771,0.014,6.4,34,2,3,9,17874.18,1,1
33192.31,566,0.106,1.2,67,2,3,1,97277.39,1,0
84203.55,820,0.049,0.0,47,1,9,9,49993.28,0,1
24964.54,479,0.406,5.7,66,1,4,3,13677.89,1,1
39830.69,618,0.495,0.6,54,2,3,8,59779.37,1,0
49861.96,643,0.122,1.4,66,1,2,5,59813.26,1,1
51828.02,727,0.009,1.8,35,3,2,8,8687.09,0,0
44821.95,697,0.366,6.9,23,1,7,6,6032.03,1,1
59749.13,667,0.301,4.9,60,2,2,10,99629.71,0,1
69315.78,679,0.47,1.0,60,1,7,4,42058.04,0,0
70779.08,602,0.213,4.6,50,1,4,7,28318.28,0,0
29944.41,560,0.285,6.2,48,0,8,9,57033.86,0,0
42528.19,738,0.121,2.5,66,0,14,8,5792.07,0,0
89088.13,735,0.541,1.4,27,2,4,1,6225.03,0,1
76674.43,807,0.529,5.7,50,1,6,5,15714.06,0,1
24675.6,617,0.566,4.7,21,1,7,7,81239.91,0,0
58439.07,735,0.223,0.4,25,1,7,9,28583.57,1,0
20000.0,657,0.304,5.5,41,0,6,5,52828.42,0,1
50184.8,775,0.039,3.4,61,1,8,9,26244.0,0,0
126612.12,762,0.193,7.0,56,1,4,4,56758.7,0,0
30517.44,697,0.107,1.1,69,3,4,6,53336.52,0,1
32300.52,653,0.301,1.5,20,1,3,9,43068.82,0,0
71826.94,757,0.395,3.9,38,2,3,10,46153.81,0,1
22665.5,732,0.373,3.3,26,1,6,10,67070.93,0,0
35725.59,625,0.346,2.4,20,0,5,1,85004.62,0,0
66053.52,574,0.348,6.9,32,2,8,1,35343.86,0,1
35698.25,657,0.369,4.2,31,0,7,10,55553.82,0,0
43565.25,801,0.304,6.2,40,1,5,6,86146.66,0,1
71117.79,772,0.189,0.8,25,0,5,7,20952.93,0,1
60522.66,591,0.108,6.5,43,1,5,1,98057.94,0,1
56016.93,587,0.351,3.1,66,1,4,7,76309.76,0,0
41375.28,782,0.084,0.2,57,2,2,7,39780.76,1,0
58984.53,589,0.37,1.3,62,3,1,1,40642.01,0,0
46079.97,721,0.487,0.1,60,2,4,8,24508.06,0,0
61629.92,631,0.166,3.1,38,1,5,9,30451.96,0,0
38236.05,809,0.343,2.0,55,1,2,2,60768.33,0,0
44744.13,618,0.517,21.9,57,2,4,9,5355.12,0,1
29882.28,771,0.055,10.1,29,0,5,3,7200.2,0,1
48170.22,695,0.172,8.7,63,0,6,7,98715.3,0,1
32679.38,700,0.139,3.5,42,0,7,6,27375.35,0,1
28084.6,522,0.216,8.2,19,1,9,6,83808.68,0,0
55788.92,504,0.365,1.6,51,2,5,5,63178.11,0,0
54522.56,662,0.435,4.1,53,1,3,5,47368.12,1,1
72506.89,700,0.05,2.5,47,1,5,1,74557.14,0,0
39515.06,590,0.266,0.9,29,2,5,9,9752.03,0,0
60115.71,593,0.05,0.4,43,1,3,3,76827.46,1,0
64563.13,725,0.64,4.1,39,1,6,10,86414.05,0,0
61229.65,725,0.636,0.5,69,0,5,10,31621.73,0,0
32440.83,669,0.214,6.3,61,1,12,1,33653.51,1,0
52821.93,742,0.076,12.7,58,1,4,8,14786.54,1,1
58810.17,586,0.196,0.9,27,2,3,6,86309.92,0,1
49197.06,652,0.065,3.2,35,2,6,1,81751.41,0,0
20000.0,812,0.296,6.7,38,0,4,3,45395.13,0,0
53116.6,685,0.274,1.7,44,0,5,3,40883.29,0,0
148192.22,690,0.414,12.7,20,2,2,2,45615.03,0,1
40944.81,850,0.165,11.0,49,1,10,8,44932.88,0,1
34062.81,568,0.158,0.5,37,0,3,1,45813.58,0,1
59081.57,744,0.163,0.1,47,0,3,1,18845.59,0,0
57307.63,813,0.15,18.7,18,0,7,4,6280.32,1,0
88997.86,654,0.303,15.7,35,1,2,3,77431.15,1,1
26135.92,749,0.38,2.7,58,1,5,8,37656.23,0,0
70663.9,601,0.362,0.3,44,1,3,7,51634.45,0,0
65855.03,625,0.464,4.8,59,3,1,5,34206.51,0,0
45657.66,711,0.327,1.7,54,0,5,1,41255.78,0,0
58066.47,744,0.222,13.8,62,0,5,7,12112.01,0,1
82020.85,770,0.574,7.9,18,1,3,7,40177.26,1,1
75823.06,806,0.36,5.2,32,1,9,7,48995.98,0,1
27680.69,675,0.065,1.7,47,1,6,5,84119.9,0,1
73871.26,775,0.481,6.0,67,1,3,5,35609.51,0,0
47460.62,653,0.077,1.7,53,0,4,6,13411.7,0,0
50839.91,752,0.155,0.2,42,2,6,8,77123.42,0,1
50848.12,697,0.432,3.6,25,2,2,2,40685.37,0,1
45473.2,716,0.234,3.4,44,0,5,3,91959.53,0,0
88952.14,714,0.128,7.2,41,0,5,8,96108.4,0,1
47011.19,552,0.191,10.0,58,1,4,8,87825.97,0,0
28007.48,590,0.456,2.2,39,0,4,7,26531.37,0,0
40264.89,688,0.154,3.0,35,1,4,10,29111.96,0,0
53602.31,545,0.19,3.2,23,2,5,1,80441.62,1,1
90636.06,746,0.694,2.0,20,0,4,6,47380.43,0,0
66273.63,750,0.232,6.8,41,2,3,9,33291.16,1,1
32039.74,706,0.159,3.7,36,1,8,9,32921.24,0,1
169837.09,590,0.648,12.3,47,0,3,9,59859.27,0,1
55959.73,790,0.362,5.3,55,1,4,4,90027.87,0,0
92753.0,843,0.507,1.2,20,1,6,1,63798.05,1,0
45439.76,692,0.241,0.9,44,0,8,9,63926.6,0,1
64002.64,721,0.34,2.3,63,0,3,4,75959.6,0,0
74587.95,696,0.582,2.1,42,1,5,8,77228.53,0,0
90138.02,722,0.464,2.6,45,1,3,5,91397.78,0,0
83173.51,670,0.368,1.0,43,1,3,3,20400.66,1,0
75818.57,677,0.187,19.1,38,0,5,10,98540.12,0,1
41875.52,752,0.267,0.8,24,3,4,5,36238.95,0,1
36832.17,850,0.386,5.3,25,1,6,10,31748.94,1,1
57890.22,568,0.188,0.1,27,1,7,5,53429.75,0,0
78163.97,672,0.183,2.6,59,1,10,5,30114.22,0,0
43854.81,586,0.437,1.8,32,1,2,5,27126.61,1,0
83498.67,807,0.435,2.4,67,3,5,1,96846.64,0,0
101347.29,633,0.258,3.4,60,0,8,8,14879.45,0,1
31003.01,565,0.148,4.6,54,2,6,7,99044.58,1,0
32258.59,731,0.521,4.4,55,1,5,1,64135.41,0,0
45698.12,820,0.347,5.0,20,2,3,8,96065.07,0,1
57171.24,733,0.143,9.3,48,2,1,3,90253.09,1,1
37711.35,696,0.682,10.9,67,1,2,9,66597.93,0,0
96384.56,713,0.411,6.7,20,3,5,1,61034.63,0,1
60598.99,793,0.147,0.4,33,3,3,6,99300.01,0,1
49997.26,610,0.158,16.3,21,0,4,10,53945.17,0,0
23909.84,671,0.171,14.7,48,0,6,4,21982.08,0,0
25389.53,644,0.336,6.2,24,1,5,2,99329.65,0,0
56415.8,587,0.164,3.6,43,3,6,7,35734.69,0,1
20000.0,654,0.35,1.4,55,1,9,1,13304.35,0,0
81333.94,769,0.358,7.1,27,0,6,10,73104.86,0,1
45293.69,725,0.13,10.5,57,1,8,9,47374.68,0,1
200000.0,732,0.225,5.5,21,0,6,5,41862.28,1,1
155431.15,692,0.2,5.0,26,1,6,4,65002.76,1,1
44769.19,722,0.246,1.1,33,1,5,9,10020.96,0,1
46482.51,616,0.129,2.2,59,1,8,8,71331.09,0,0
80643.28,655,0.175,6.4,62,3,5,2,52827.58,0,0
114873.44,695,0.136,0.1,29,1,4,3,51572.95,1,1
21611.6,702,0.291,5.1,23,0,3,1,90503.22,1,0
20066.6,706,0.235,7.3,62,1,5,2,83965.03,0,0
35917.6,669,0.538,2.0,52,1,10,3,55500.7,1,0
65602.48,650,0.523,0.4,26,2,2,10,59942.4,0,0
62845.64,850,0.29,8.5,47,1,8,7,81661.54,0,1
83690.92,753,0.422,0.8,63,2,11,2,44072.23,0,0
26907.26,713,0.338,2.3,22,3,6,2,68767.28,0,1
20000.0,661,0.126,6.1,22,1,4,4,56373.7,0,0
75282.81,644,0.209,8.5,32,3,5,2,52464.7,0,1
32399.62,670,0.252,9.9,52,0,3,8,98548.48,0,1
20000.0,703,0.317,3.8,27,1,6,3,6663.24,1,0
52708.49,530,0.259,3.2,60,0,9,3,44389.38,0,0
72881.33,554,0.388,9.4,57,0,5,8,93366.9,0,1
46118.59,629,0.151,4.1,47,1,3,2,93174.08,1,0
38990.6,697,0.571,4.3,24,0,8,8,76032.86,1,0
45266.34,661,0.345,2.8,69,0,7,7,61231.1,0,1
40729.53,798,0.41,2.3,43,0,6,8,70630.36,0,1
24983.64,561,0.072,3.3,42,1,7,6,29027.98,0,0
34291.74,620,0.334,2.3,70,0,3,7,51397.57,0,0
63617.25,802,0.58,2.1,63,1,7,6,55925.79,0,1
57574.74,690,0.157,25.3,42,1,2,2,11053.53,0,1
53318.03,751,0.319,2.0,40,1,7,1,87290.93,0,0
29804.83,844,0.287,1.5,23,0,3,3,48385.36,0,0
44767.98,624,0.252,2.2,66,1,3,1,90395.66,0,0
20000.0,672,0.266,4.5,62,1,2,2,42046.2,0,1
53596.46,658,0.092,12.1,34,1,9,9,43842.38,0,1
100150.45,524,0.377,7.8,57,1,2,6,28200.53,0,1
23457.23,655,0.162,9.2,58,0,5,9,66210.66,0,1
36571.93,750,0.374,9.8,30,1,7,8,57107.26,0,1
57788.98,723,0.449,12.7,50,0,5,8,91732.05,0,0
91713.17,730,0.173,1.3,31,1,3,1,45777.52,0,1
39178.67,650,0.306,3.1,59,0,10,2,66567.11,0,0
34678.49,628,0.669,2.4,26,2,7,9,72218.51,1,0
20000.0,782,0.317,2.4,53,1,4,2,35386.29,0,0
51622.82,640,0.257,5.3,35,3,3,1,88678.48,0,0
136085.42,704,0.193,2.6,20,3,3,8,41180.86,0,1
56312.92,693,0.281,4.8,24,3,4,2,65549.13,0,0
48477.76,797,0.09,2.4,52,0,7,9,63504.85,0,1
57586.37,758,0.316,1.9,30,1,4,2,45033.75,1,0
48749.68,576,0.273,2.2,51,1,5,8,22417.34,0,0
32646.5,585,0.151,8.1,40,1,8,7,61287.29,0,1
73986.65,726,0.099,4.6,54,1,8,2,40675.78,0,0
54878.71,675,0.178,18.2,44,0,8,9,41013.72,1,1
49454.42,644,0.13,8.9,34,2,9,4,51827.55,1,1
30101.1,761,0.354,3.3,26,3,6,1,69337.88,1,0
94066.19,695,0.053,1.4,36,1,3,2,74313.84,0,0
68346.89,684,0.077,5.6,51,1,8,10,45571.87,0,1
37180.5,742,0.451,6.5,57,3,8,5,16388.65,0,0
80895.42,650,0.185,3.1,26,1,2,3,80212.87,1,0
38223.84,805,0.404,1.3,53,3,7,1,68594.31,0,0
33156.64,617,0.097,4.1,27,2,6,10,81065.81,0,1
33528.41,733,0.516,1.5,30,1,2,2,35009.37,0,0
20220.77,795,0.314,14.1,46,1,4,8,91366.37,0,0
62054.68,570,0.322,5.0,33,2,6,5,29959.43,0,1
20000.0,653,0.25,1.7,52,1,8,2,32527.55,0,0
26523.28,771,0.125,1.2,68,0,3,5,55955.73,0,0
20000.0,773,0.22,6.3,26,1,7,9,99747.53,0,0
46955.95,666,0.393,6.2,48,0,4,8,24204.5,0,0
45471.44,621,0.17,4.5,66,2,1,4,84657.88,0,0
41633.15,756,0.06,4.8,27,1,4,4,5223.48,0,0
29106.34,775,0.251,4.6,37,0,1,3,27564.55,1,0
27279.29,587,0.177,2.2,24,2,5,9,37883.46,0,1
61832.53,584,0.355,13.9,51,1,6,6,66617.72,0,1
37224.56,698,0.331,3.3,53,1,11,2,15807.05,0,0
57421.79,730,0.113,0.1,53,0,2,1,17226.54,0,1
31488.44,656,0.377,2.1,46,1,5,9,18903.93,0,0
53665.81,734,0.366,0.7,57,0,7,9,67942.65,1,0
94055.38,623,0.43,2.3,20,0,5,7,15890.97,1,0
65715.03,511,0.402,4.7,68,0,8,8,42831.39,1,0
39886.5,646,0.39,0.1,30,0,1,9,19884.27,0,0
55748.15,685,0.49,10.2,24,1,6,6,41296.71,0,1
43463.09,658,0.544,4.7,67,1,7,7,72834.17,1,0
49214.33,587,0.308,1.8,61,1,2,2,31383.73,0,0
41655.74,535,0.346,1.9,58,1,6,9,63676.39,0,0
45153.92,639,0.181,3.1,23,2,2,2,28607.96,0,1
54504.94,752,0.096,1.4,60,0,2,8,75069.5,0,1
29831.51,780,0.357,0.0,50,1,6,4,78821.22,1,0
29497.49,775,0.349,0.1,56,2,5,1,34487.41,0,0
24482.86,615,0.321,2.2,69,0,5,9,7260.02,0,1
22023.48,588,0.487,0.7,28,1,2,10,17263.12,0,0
26671.71,720,0.058,0.1,44,1,6,3,51640.78,0,0
53089.33,731,0.391,9.8,57,0,4,9,41295.23,0,1
31369.97,712,0.115,1.6,41,0,10,4,37828.2,1,0
63373.89,519,0.373,3.5,21,2,1,8,60033.79,1,1
49879.08,611,0.059,1.0,24,1,8,6,20342.59,0,1
20000.0,678,0.331,0.2,49,1,5,1,48384.73,0,0
68015.29,719,0.705,6.8,33,2,1,2,24321.47,1,1
73526.36,741,0.212,0.7,25,2,1,9,98200.68,0,1
29824.0,692,0.179,0.1,36,1,5,2,9619.32,0,0
60481.68,706,0.446,4.4,28,1,6,9,6499.31,0,1
31944.36,687,0.376,0.1,19,1,10,7,58597.19,0,0
51474.16,735,0.175,2.9,26,1,2,5,10949.78,0,0
26049.42,705,0.304,1.7,64,1,4,7,82044.11,0,0
20000.0,685,0.301,1.9,19,0,5,8,82861.62,0,0
40481.14,659,0.39,0.0,58,0,3,7,46064.6,0,0
46080.06,687,0.459,16.7,57,1,4,8,84645.32,0,0
40181.43,719,0.36,3.6,47,3,4,1,75348.38,0,0
27118.86,701,0.35,4.2,29,2,7,6,17864.45,0,1
40136.86,710,0.213,5.5,64,1,4,10,86662.13,0,0
56086.33,787,0.601,8.0,43,1,6,8,88056.48,1,0
47932.71,701,0.283,4.7,27,0,6,5,35657.73,0,0
53704.42,628,0.351,7.2,40,1,4,8,78624.34,0,1
35064.43,751,0.465,3.0,28,1,1,9,90249.34,0,1
88067.51,571,0.234,2.3,38,1,3,3,75836.16,0,1
27225.61,593,0.353,8.7,44,2,3,8,13931.17,0,1
62553.67,707,0.34,10.0,37,0,6,7,13991.13,0,1
88516.61,721,0.627,0.7,52,1,3,3,98327.18,0,0
62345.95,580,0.137,3.9,67,1,6,2,56428.45,0,0
44299.91,649,0.078,5.8,36,0,4,4,66222.41,0,0
37641.09,632,0.279,0.4,36,1,2,5,91664.63,0,0
82293.21,641,0.293,13.3,56,1,4,8,5706.52,0,1
24064.97,755,0.034,3.7,46,2,9,8,45535.7,1,0
30180.09,737,0.326,5.2,40,0,4,7,58807.95,0,0
40183.88,678,0.039,1.0,60,1,5,3,5203.52,0,0
91019.3,636,0.242,1.5,64,3,7,6,64319.37,0,1
59271.5,572,0.386,0.6,49,1,2,2,85839.08,1,0
30211.48,794,0.114,1.5,28,1,7,3,10216.24,0,0
41975.7,727,0.359,3.4,42,1,3,2,81401.43,1,0
36056.36,623,0.225,9.0,44,0,5,6,97865.32,1,1
34375.71,738,0.296,3.8,40,3,5,7,92427.33,1,0
79973.03,674,0.358,1.4,32,0,9,9,56016.3,1,1
24689.38,657,0.264,0.2,43,3,3,4,86743.88,0,0
109577.84,715,0.384,4.9,41,0,6,7,78210.48,0,0
74169.99,621,0.344,2.7,29,0,5,6,82678.24,1,1
84578.12,652,0.425,20.8,65,1,6,5,42814.79,0,1
38891.47,690,0.045,7.6,64,1,4,8,50183.98,0,1
45480.08,640,0.512,8.3,58,2,2,1,27716.71,0,0
23942.83,734,0.268,0.1,39,3,6,8,9899.11,0,0
37709.56,830,0.153,7.5,37,1,4,7,61736.89,0,1
62744.58,620,0.117,1.1,55,0,6,5,34409.74,0,1
93716.69,547,0.163,4.4,50,1,7,7,52757.23,0,0
28181.52,520,0.308,3.0,49,2,5,6,96455.75,0,1
40833.05,668,0.191,4.2,24,1,4,9,10999.09,0,0
45449.2,627,0.436,0.7,50,0,4,7,87981.23,0,0
24394.32,697,0.135,3.1,65,1,4,8,13242.49,1,1
65885.56,691,0.341,0.2,22,1,9,8,67089.83,1,0
34132.48,552,0.389,0.2,36,1,6,6,37609.75,0,0
44458.21,535,0.344,5.4,44,2,1,8,14514.01,0,1
39105.77,704,0.223,15.2,54,0,5,9,76909.22,0,1
33035.26,691,0.179,7.5,23,2,5,4,71365.4,0,1
48848.43,646,0.38,3.2,63,0,6,8,65824.48,0,1
44011.01,547,0.202,0.3,20,1,4,2,96663.81,1,0
40703.57,718,0.211,0.2,63,1,4,6,7249.37,1,0
34056.26,782,0.203,0.9,19,2,4,2,46292.97,0,0
57512.77,702,0.447,18.6,26,0,6,2,58452.98,0,0
112062.12,612,0.397,2.5,60,3,5,3,38981.62,0,0
52572.25,684,0.072,9.3,63,2,5,8,68602.24,1,1
80664.92,571,0.378,6.1,69,0,7,1,90424.27,0,0
24462.31,765,0.068,4.6,24,2,3,8,71213.42,0,0
53044.2,687,0.262,14.8,45,1,6,6,59090.62,0,0
28319.78,539,0.398,1.3,22,2,8,6,75094.86,0,0
23424.49,656,0.237,3.0,26,3,6,1,15414.93,0,1
33870.99,717,0.035,10.0,27,2,5,5,64849.47,0,1
88960.67,653,0.498,4.0,21,1,7,2,43688.16,0,0
78826.77,658,0.449,1.4,64,2,5,2,35285.56,0,0
55353.9,582,0.277,1.2,25,1,5,1,53175.31,1,0
22780.26,725,0.298,7.0,51,1,2,7,81449.63,0,1
44438.42,628,0.413,0.1,51,1,5,9,44194.17,1,0
57002.48,507,0.108,12.3,28,3,6,6,71732.68,0,1
53517.72,650,0.143,0.1,70,1,6,9,60945.02,0,0
20000.0,758,0.211,5.0,36,1,4,6,92034.77,1,1
31408.73,649,0.764,4.6,65,1,5,6,47260.0,1,1
47475.12,819,0.306,4.3,67,2,6,6,82892.4,0,0
64096.53,714,0.384,3.2,67,1,2,4,84987.79,0,0
20000.0,707,0.374,9.6,57,2,6,8,49096.68,0,1
45203.87,670,0.32,5.4,31,0,5,8,51415.98,0,0
52655.42,675,0.061,7.6,24,2,4,2,36674.35,0,1
74967.2,659,0.08,0.6,48,1,2,5,52077.51,0,0
69315.84,656,0.399,0.3,37,1,9,2,28679.12,1,0
65597.03,722,0.409,0.1,61,1,4,9,86535.34,1,0
32860.6,605,0.261,0.8,57,0,7,9,28741.76,1,1
20000.0,594,0.251,5.5,32,1,14,1,29474.21,0,1
40274.49,590,0.065,3.4,19,3,7,7,90087.57,0,0
80887.61,844,0.135,7.0,30,2,5,1,55555.22,0,0
98393.23,722,0.368,1.1,47,1,6,8,14988.1,1,1
69931.72,704,0.227,2.3,22,3,6,5,37843.87,0,1
60758.99,595,0.4,11.0,52,2,2,1,72011.71,1,0
59267.7,730,0.326,13.7,53,1,2,1,43551.41,0,0
37121.09,671,0.281,12.7,27,1,9,1,45201.74,0,0
45934.41,697,0.116,8.5,49,1,7,2,52375.37,0,0
112931.28,602,0.235,5.8,50,0,3,8,26138.01,1,1
30598.95,693,0.242,12.2,43,2,7,2,45285.19,0,0
109906.95,646,0.268,6.3,68,0,4,2,25457.5,0,0
41730.43,619,0.187,15.4,24,1,3,8,38320.79,0,1
95103.02,739,0.331,0.1,39,2,3,5,55575.14,1,1
24260.2,557,0.562,12.7,64,3,2,9,70903.74,0,0
65706.43,725,0.181,4.1,38,0,3,6,65222.86,0,0
33915.08,735,0.686,0.6,40,1,0,1,59674.84,1,0
24157.89,610,0.392,1.2,53,1,10,6,61575.72,1,0
54680.75,614,0.154,9.6,53,2,7,2,53538.21,1,1
81205.31,662,0.135,3.5,19,3,4,7,63388.31,1,0
32129.48,703,0.547,20.3,42,0,8,7,40674.28,0,1
23167.18,668,0.074,0.6,35,1,4,10,90447.53,0,0
46820.56,715,0.225,2.7,51,0,6,3,61103.23,1,0
46923.9,821,0.227,2.0,47,2,5,5,93976.19,0,1
64483.19,639,0.266,3.6,52,0,3,7,43435.29,0,1
78810.17,543,0.397,5.0,52,2,4,7,42478.9,0,0
47585.93,746,0.155,5.4,31,0,3,7,96676.89,0,1
123964.64,815,0.215,0.0,31,2,3,1,74260.32,0,0
54836.83,711,0.325,0.5,37,0,2,3,54280.26,0,0
41224.45,593,0.323,0.2,31,1,2,1,73258.09,0,0
21899.44,670,0.481,10.0,54,1,7,1,42688.74,1,1
42987.74,591,0.101,1.9,49,0,3,8,77086.73,0,1
41431.91,731,0.385,2.3,29,0,6,7,24909.92,0,0
79233.34,572,0.238,3.0,64,0,5,5,95333.58,0,0
61774.25,656,0.336,9.5,42,0,3,6,48781.18,0,0
27182.14,600,0.178,0.1,25,0,6,9,13826.12,0,1
53429.97,690,0.412,0.6,29,1,5,1,85276.22,0,0
68580.64,651,0.161,5.8,46,2,5,2,89964.05,0,0
105241.78,694,0.382,16.6,36,2,7,9,74346.02,1,1
76401.07,682,0.365,5.1,62,0,5,8,64821.88,0,0
71712.71,601,0.205,1.5,44,0,6,7,93199.8,0,0
50515.88,730,0.635,3.7,66,2,9,6,64095.31,0,0
59525.26,676,0.372,18.4,23,1,7,8,80184.45,1,1
91560.25,601,0.155,3.8,53,0,6,2,49768.3,1,0
25175.12,850,0.297,2.3,64,1,4,2,74084.55,0,0
41162.39,718,0.158,2.4,33,0,6,5,99903.33,0,0
33313.42,668,0.356,17.1,25,0,2,10,41337.99,0,0
59253.29,793,0.415,6.3,42,2,6,6,73410.14,0,1
90681.72,827,0.147,5.8,68,0,7,8,19144.73,0,1
36370.48,668,0.06,1.3,51,3,10,1,65334.37,0,0
20000.0,708,0.047,4.1,51,2,5,9,35674.36,0,0
39890.35,601,0.528,2.2,53,2,4,4,87326.71,0,0
77399.6,668,0.304,1.4,20,1,7,6,39165.76,1,1
64139.45,664,0.3,11.3,41,0,4,1,47288.7,0,0
60723.93,695,0.222,2.4,22,1,5,5,98129.48,0,0
42616.78,707,0.164,1.7,34,1,3,6,25460.23,0,0
25860.83,725,0.068,13.4,61,3,4,9,58652.29,0,1
63427.14,699,0.55,1.1,52,0,3,1,87057.04,1,0
32301.18,583,0.118,6.8,70,2,1,3,34908.54,0,1
146100.26,605,0.341,5.3,27,1,9,5,6450.95,0,1
65202.53,636,0.346,12.7,39,2,9,6,90152.39,0,1
36668.59,657,0.21,8.9,60,1,7,3,63865.05,0,1
36109.36,764,0.143,6.1,29,1,6,5,26890.39,0,1
46794.82,587,0.326,1.9,26,3,5,6,31251.79,0,0
43488.38,651,0.178,3.4,40,0,4,5,80960.79,0,0
85683.61,756,0.12,14.5,38,0,3,2,65999.31,0,1
53809.65,656,0.142,0.1,69,1,4,9,74597.05,0,0
34002.32,717,0.201,7.9,42,1,4,9,59836.12,0,0
126149.17,669,0.07,1.5,63,0,5,8,80053.85,0,0
50244.39,701,0.034,1.0,64,0,6,7,83001.31,0,1
71999.89,662,0.052,1.3,26,0,2,8,41755.19,1,0
36166.43,733,0.266,0.3,55,2,8,10,90591.35,0,1
58780.05,556,0.033,24.1,32,1,6,6,52993.95,1,1
57271.31,651,0.038,10.2,23,2,9,7,20215.73,0,1
20000.0,704,0.467,3.7,63,1,3,8,25755.08,1,0
134273.97,723,0.14,6.3,33,2,7,7,74713.35,1,1
93463.12,799,0.264,4.1,36,1,6,9,40847.38,0,1
40191.16,649,0.436,8.3,35,1,4,7,29931.77,0,0
28250.46,798,0.161,9.3,28,1,2,9,62453.34,0,0
58324.69,627,0.429,1.3,41,0,6,9,79315.67,0,0
51192.53,786,0.267,3.1,40,3,3,5,15376.51,0,0
58561.6,745,0.339,5.0,39,2,4,5,47666.97,0,1
53948.69,607,0.501,19.2,66,1,5,8,78289.69,1,1
63140.68,705,0.185,5.7,36,3,4,7,90844.74,0,1
101078.51,676,0.367,11.4,20,1,6,6,6287.28,0,1
65124.21,730,0.016,9.4,27,1,10,3,67328.54,0,0
29003.51,662,0.036,4.4,56,2,3,5,61750.28,0,0
96885.14,655,0.357,11.2,49,1,5,9,54185.39,0,1
111335.93,790,0.199,2.4,67,1,2,8,20218.72,0,1
200000.0,672,0.276,2.4,54,1,7,6,75469.83,1,1
27952.25,746,0.116,7.6,28,1,8,2,42315.62,0,1
55350.5,662,0.347,0.7,24,0,4,8,27289.38,0,1
20000.0,813,0.515,1.8,45,0,4,6,85752.39,0,0
64639.09,626,0.238,4.7,53,3,6,2,34167.85,0,0
37268.35,631,0.28,2.7,27,1,5,7,23849.48,0,0
128248.22,802,0.278,14.1,49,0,5,8,34644.42,0,1
33279.36,644,0.134,15.9,63,2,7,9,22200.01,0,1
21065.85,808,0.207,3.5,56,0,8,10,78840.95,0,1
38729.94,751,0.067,3.9,53,0,4,4,22296.66,1,0
20000.0,668,0.627,6.4,59,3,8,1,73083.47,0,1
71364.06,535,0.368,3.1,23,3,4,10,20437.55,0,1
20000.0,678,0.349,1.1,29,0,4,6,26499.11,1,1
49723.29,688,0.283,6.9,20,2,2,4,37539.39,0,0
20000.0,773,0.667,6.7,26,2,7,9,95255.76,0,1
41766.55,807,0.026,1.4,65,1,4,5,91812.54,0,1
111489.88,625,0.09,8.9,30,1,4,9,13085.99,0,0
58707.57,744,0.448,4.8,52,0,3,6,36903.18,1,1
31832.82,741,0.486,1.3,54,0,4,9,37902.74,0,0
48261.93,766,0.235,5.3,52,1,1,7,25098.58,0,0
49464.4,720,0.573,1.3,47,2,6,3,46383.6,1,1
62088.44,525,0.341,1.5,43,1,6,9,76059.55,0,1
24749.75,668,0.689,9.4,40,0,4,5,14437.41,0,1
65925.7,588,0.44,13.3,66,0,4,8,68806.87,0,1
20000.0,664,0.328,1.5,18,1,6,7,29772.53,0,0
35776.9,758,0.219,13.2,21,1,6,9,66031.78,0,0
38401.93,704,0.423,1.4,44,0,6,8,69779.89,0,0
67283.04,772,0.094,0.6,35,1,7,7,74173.06,0,0
49578.64,707,0.164,0.3,39,2,4,6,86862.42,1,1
24275.39,576,0.239,1.4,70,0,3,7,90463.88,0,0
29956.55,478,0.5,2.4,58,0,3,10,77117.37,0,0
54140.62,692,0.362,13.1,64,0,6,1,50704.33,0,0
47120.64,663,0.421,1.4,37,3,2,1,9197.36,1,0
36696.55,602,0.428,2.3,30,1,4,1,94025.21,0,0
38545.06,544,0.485,6.6,58,1,4,2,62126.11,0,1
69430.67,621,0.292,1.8,60,2,6,8,55784.24,0,0
37841.2,664,0.371,5.8,47,1,4,7,27751.14,0,1
46908.51,733,0.343,2.8,65,0,4,5,70002.44,0,0
145069.51,695,0.491,1.1,68,1,8,4,99499.44,1,0
24056.46,809,0.239,6.6,42,1,3,7,36352.77,0,0
20000.0,597,0.172,0.1,30,0,10,6,80960.1,0,1
72532.85,750,0.058,1.7,45,0,7,6,32656.68,0,0
34915.23,684,0.242,2.2,69,1,5,6,51334.45,0,0
41809.6,736,0.172,3.1,33,2,6,6,25262.19,1,1
33170.69,645,0.282,5.7,50,0,5,3,53714.55,0,0
43049.24,766,0.072,3.1,54,1,4,1,48633.57,0,1
109018.08,704,0.064,4.5,29,3,5,9,8697.02,0,1
73208.31,626,0.119,4.5,49,0,5,8,41271.53,0,1
75441.42,679,0.606,2.3,34,1,7,1,10958.63,0,0
24146.3,661,0.214,13.6,62,1,7,10,47809.44,0,1
27568.34,719,0.281,15.6,55,0,5,5,98116.27,0,1
20000.0,586,0.479,4.4,61,2,5,4,32832.81,1,0
32705.86,678,0.297,0.4,28,2,8,10,53985.77,0,1
79090.78,712,0.293,3.4,20,2,8,9,17368.65,0,1
63479.56,683,0.126,1.0,62,0,3,9,19627.4,1,0
43881.29,788,0.536,3.3,38,2,6,8,38769.6,0,1
48477.25,742,0.165,1.0,27,1,5,2,51525.06,0,0
34736.88,679,0.158,6.1,23,0,9,8,71633.85,0,1
54305.43,697,0.34,0.4,45,0,2,9,48385.81,1,1
71893.36,704,0.411,15.3,26,3,7,3,7316.61,0,1
21852.19,712,0.225,1.1,47,1,3,2,30741.09,1,0
56944.01,534,0.128,5.4,56,2,6,5,7353.46,1,0
78136.88,656,0.168,12.4,46,0,4,2,92204.46,1,0
39832.95,561,0.239,1.4,65,2,6,2,7758.33,0,1
69588.2,782,0.334,13.6,26,0,4,7,9711.09,1,1
200000.0,675,0.16,2.5,44,0,5,7,33336.17,0,1
46528.89,665,0.836,16.2,26,3,3,1,65071.24,0,1
59674.11,752,0.58,17.8,64,0,3,9,39005.9,0,0
33893.26,714,0.257,1.0,66,1,6,1,10848.76,0,0
53670.86,590,0.126,8.9,39,2,6,8,84443.86,0,1
61705.96,674,0.108,1.1,34,2,5,7,71520.95,0,1
54036.83,653,0.578,1.3,33,1,6,8,42655.34,1,1
29441.26,540,0.371,0.4,63,1,9,8,69306.16,0,0
54348.97,625,0.07,0.9,53,1,5,9,31085.76,0,0
101833.86,665,0.409,5.0,64,0,4,10,55147.44,0,1
61348.0,671,0.106,3.0,24,0,3,10,88648.29,0,0
79300.01,561,0.151,7.8,43,1,9,1,15229.7,0,1
43542.56,772,0.394,2.0,53,1,1,1,85454.9,0,0
71321.29,672,0.222,17.3,65,0,8,9,79912.09,0,0
56366.7,683,0.549,0.3,38,0,3,9,95164.58,0,1
30471.42,712,0.435,0.3,34,1,4,6,53808.8,0,0
57483.92,617,0.301,6.0,65,1,5,9,31116.54,1,1
29856.32,717,0.067,10.9,20,1,9,10,38544.44,0,1
35723.35,651,0.22,7.9,43,0,2,2,65781.89,0,0
53888.06,608,0.138,3.4,42,2,7,1,18375.56,1,0
56875.62,726,0.215,1.6,26,2,5,2,38408.47,0,0
27048.42,799,0.414,0.1,39,0,6,8,74011.13,0,1
83032.96,738,0.283,3.6,56,0,2,8,59505.99,1,1
65251.42,754,0.183,3.2,37,2,5,7,10961.47,0,0
34462.8,638,0.185,2.1,34,3,6,1,52201.16,0,0
22724.7,552,0.117,4.3,59,0,7,7,54800.6,0,1
45594.74,799,0.15,6.5,69,0,6,10,71576.59,0,1
39223.37,844,0.31,6.0,59,0,5,9,6012.23,0,0
51873.86,803,0.396,1.5,62,1,3,1,45698.3,0,0
40881.86,653,0.173,4.4,67,3,4,6,89228.55,0,0
20000.0,588,0.393,0.8,60,2,3,8,7389.11,0,1
40369.37,595,0.247,0.6,69,1,7,3,68878.97,0,0
42074.22,545,0.506,7.7,57,2,4,8,26202.31,1,1
67294.28,671,0.354,5.9,52,0,10,2,41811.12,0,0
34575.48,808,0.305,7.3,54,1,4,7,88990.59,1,1
113474.94,669,0.338,0.8,65,1,10,8,39440.13,0,0
20000.0,704,0.406,12.3,54,0,4,7,56817.87,0,0
94427.13,790,0.191,0.7,58,0,5,2,13515.94,1,1
43819.78,648,0.588,10.2,29,1,4,7,35847.03,0,1
75341.96,843,0.131,2.2,65,2,5,5,18456.83,1,1
51016.31,839,0.342,0.6,41,1,7,3,58347.94,0,0
86662.61,670,0.353,1.7,26,0,6,9,48679.73,1,0
40389.25,634,0.416,1.0,60,0,4,8,30134.79,0,0
28302.06,736,0.092,3.4,37,0,5,5,99964.21,1,0
99733.02,652,0.673,15.0,28,0,4,8,19561.07,0,1
46316.78,587,0.15,2.0,31,1,4,1,83420.73,0,1
54763.5,782,0.383,4.7,20,0,6,4,8397.3,1,0
90887.34,777,0.334,11.1,23,2,6,5,85449.56,1,1
29261.34,692,0.406,5.0,49,2,2,9,50314.33,0,1
66022.14,579,0.251,2.2,63,1,2,1,83678.06,0,0
36499.46,582,0.085,23.5,41,1,4,10,75982.99,0,1
45886.0,689,0.408,1.0,51,0,2,9,59400.26,0,0
50824.79,640,0.268,3.7,60,1,2,8,40298.83,0,0
23153.22,653,0.296,8.0,37,2,4,9,68223.67,0,1
33209.18,762,0.046,0.0,52,1,3,7,84092.07,0,1
96330.13,739,0.653,6.1,36,0,9,9,52814.08,0,1
76350.94,790,0.12,1.5,51,2,5,8,44412.45,0,0
47509.27,601,0.153,0.9,29,1,7,5,18574.93,0,0
55357.18,653,0.304,1.6,69,1,6,7,90143.54,0,0
42314.23,741,0.35,17.0,22,1,5,9,30393.82,0,1
96595.91,716,0.442,11.1,44,0,6,9,16734.49,0,1
44348.04,803,0.114,1.2,33,1,5,9,11291.04,0,1
55045.81,714,0.668,0.6,49,1,4,6,76324.15,0,0
86943.61,828,0.21,2.3,40,3,4,10,69124.62,0,0
33233.52,723,0.383,4.5,34,0,4,2,16443.55,0,0
106872.8,765,0.187,10.1,31,1,4,10,55363.52,0,1
22805.78,654,0.537,16.9,27,3,10,8,19506.08,0,1
110726.79,681,0.181,7.0,59,0,4,1,41439.35,0,0
40686.93,753,0.22,4.6,30,2,3,5,79372.5,1,1
43418.92,809,0.457,0.8,58,0,4,8,26644.41,0,1
20000.0,738,0.514,0.4,43,0,7,5,7632.92,1,1
39050.18,673,0.394,4.5,22,1,4,2,23367.02,0,0
29146.69,790,0.265,3.9,27,2,5,7,43047.02,0,1
36176.93,505,0.275,9.4,64,0,5,2,27959.82,0,0
45768.19,566,0.471,1.9,49,1,4,2,73611.15,0,0
79133.83,735,0.514,0.2,28,0,9,8,79972.04,0,1
54382.72,681,0.149,2.8,55,0,3,2,27847.8,1,0
57173.07,728,0.063,17.4,61,1,4,6,30519.14,0,1
28345.97,685,0.086,7.9,35,1,7,1,58206.9,0,0
31559.28,726,0.49,0.2,47,0,6,7,76488.97,0,0
120494.88,615,0.256,10.4,33,1,1,3,96140.05,0,1
33941.7,726,0.189,3.2,22,2,2,8,33552.39,1,0
112207.39,760,0.172,2.3,39,0,4,10,91551.76,0,1
43411.05,778,0.597,2.1,57,1,1,6,22267.19,1,1
49076.91,841,0.505,4.5,42,0,7,9,8900.7,0,1
83715.76,700,0.289,3.8,39,1,3,2,80286.88,0,0
92590.91,702,0.413,5.3,37,2,7,9,50468.35,0,1
46378.61,558,0.357,4.3,42,3,4,10,12301.31,1,1
40371.46,637,0.201,0.8,35,0,9,9,11755.08,0,0
47669.15,665,0.351,1.5,50,1,6,4,6293.76,0,0
58045.29,764,0.236,9.2,21,1,4,6,34100.88,0,1
76546.36,631,0.508,5.4,60,2,4,8,74859.52,1,0
49124.59,744,0.304,3.0,27,2,4,8,68204.82,0,1
66798.98,680,0.355,1.0,51,1,13,2,99968.44,0,0
111210.48,666,0.252,0.0,41,3,4,8,61423.5,1,0
59317.21,700,0.307,1.9,58,3,4,2,15494.86,1,1
57286.85,649,0.408,0.3,61,1,0,10,97957.54,0,0
22937.87,646,0.297,3.3,29,1,8,1,70832.29,0,0
20000.0,544,0.465,8.6,53,1,7,3,40533.4,0,1
59527.15,660,0.4,1.7,28,1,7,1,28464.51,0,1
46750.86,642,0.355,9.4,24,1,4,5,26105.84,0,0
37896.3,639,0.28,6.1,66,1,3,2,95842.15,0,1
55368.44,713,0.327,0.7,27,0,5,9,44844.99,0,0
47562.42,733,0.389,5.2,30,2,2,3,51246.64,1,1
86153.87,699,0.133,0.8,25,3,6,6,84496.21,0,1
51177.51,760,0.198,5.3,42,0,8,3,96567.09,0,0
33743.34,726,0.088,0.8,66,2,7,6,5417.37,0,1
80425.22,656,0.353,2.5,32,1,6,2,99073.11,1,1
43977.55,643,0.21,4.2,46,1,4,2,12168.85,1,0
63784.68,705,0.154,0.3,39,1,7,9,84499.32,1,1
38611.08,726,0.252,0.8,35,1,3,7,95280.27,0,0
35421.94,792,0.109,1.9,48,1,3,2,58305.79,0,0
51127.82,775,0.101,3.1,47,2,4,2,57412.78,0,0
49336.25,637,0.182,9.8,37,1,7,3,68556.32,1,0
62312.26,672,0.173,1.0,62,1,8,7,38518.99,0,1
42859.27,734,0.333,2.1,21,1,7,8,20751.32,0,0
20000.0,765,0.077,3.2,22,3,4,2,11309.43,0,0
39482.51,755,0.283,1.8,70,0,5,2,88704.61,0,0
72904.76,675,0.069,4.9,57,1,10,10,56996.12,0,1
42247.99,580,0.512,1.5,60,2,4,4,70936.71,0,0
43339.0,600,0.181,7.4,49,2,7,8,36544.96,0,1
80272.97,702,0.188,3.5,40,3,7,2,81665.81,0,1
34338.19,707,0.487,0.5,51,0,5,5,38242.52,1,0
22665.48,592,0.091,4.9,23,2,2,3,7827.31,0,0
45237.63,684,0.351,4.2,57,2,6,10,37005.92,0,1
38480.74,730,0.564,2.1,46,2,2,2,85780.96,0,0
30238.67,588,0.249,0.1,68,1,4,2,88209.4,0,0
44905.28,768,0.138,1.1,51,0,6,1,93798.27,0,0
62677.19,650,0.113,2.6,26,1,7,8,52450.45,0,0
48793.66,781,0.335,1.1,43,1,6,9,95876.36,0,0
57153.19,637,0.244,4.3,21,1,7,3,52421.96,0,0
121382.72,598,0.032,6.2,57,2,6,4,19621.97,0,1
41297.64,643,0.29,9.7,44,1,4,8,52693.51,0,0
56340.8,672,0.301,5.2,37,0,4,7,87518.35,0,1
38001.97,649,0.175,5.8,68,1,4,9,79640.54,0,1
32106.7,663,0.421,4.7,67,0,6,5,46235.05,1,0
36590.58,707,0.018,21.2,68,0,6,2,25191.62,0,1
38585.07,666,0.346,1.5,29,1,3,1,60206.36,0,0
58673.17,675,0.427,1.5,56,2,3,3,93466.41,0,0
158663.03,543,0.485,0.7,67,2,4,7,21861.76,0,0
34268.38,711,0.348,3.3,48,1,3,4,83568.82,0,0
39802.59,673,0.213,0.5,29,2,7,3,18995.84,0,1
47497.79,809,0.279,1.6,61,0,6,8,92362.08,0,1
59748.5,605,0.129,3.3,64,3,4,8,70859.34,0,1
55925.48,535,0.179,15.8,55,3,1,5,15372.23,0,1
93157.59,729,0.191,16.6,33,1,7,9,24230.36,0,1
20000.0,708,0.336,6.8,28,0,2,5,93057.56,0,1
20000.0,599,0.046,2.5,50,1,6,8,53218.81,0,0
38256.2,558,0.304,10.0,43,0,6,6,48081.63,0,1
84850.83,803,0.174,10.4,53,1,9,2,10535.83,0,1
22408.06,793,0.53,12.1,24,0,3,7,12983.78,0,1
20000.0,481,0.34,5.1,25,1,10,7,70706.62,0,0
65224.45,643,0.066,1.1,37,0,2,8,78808.72,0,1
55371.96,813,0.328,0.5,31,0,4,2,87365.62,0,0
28421.35,642,0.443,12.3,50,0,8,6,52766.94,0,1
29948.37,641,0.306,0.3,37,0,5,6,36214.49,0,0
30185.84,657,0.197,1.8,54,2,8,8,64424.65,0,1
51806.33,590,0.327,3.3,58,1,6,5,63793.61,0,0
35840.81,544,0.415,0.1,28,1,9,8,8293.31,0,0
62757.41,764,0.724,11.9,66,1,8,10,94186.27,0,1
20000.0,533,0.496,1.7,59,0,1,9,66043.23,0,0
31938.71,700,0.394,0.1,51,1,4,7,5614.51,1,0
27916.5,751,0.293,25.2,65,1,3,6,96165.25,1,1
43123.77,564,0.094,1.9,32,3,7,10,95501.84,0,1
37458.02,606,0.332,10.5,40,1,4,3,94862.38,0,0
73051.64,777,0.2,3.0,22,1,4,7,89445.38,0,0
20000.0,723,0.477,5.4,42,2,6,1,22540.42,0,0
50148.59,631,0.146,1.4,44,2,3,1,97831.42,0,0
64806.96,776,0.313,3.5,50,3,6,5,77383.58,1,0
124035.58,777,0.53,1.5,21,1,7,2,65871.92,1,0
38527.09,702,0.301,15.1,20,0,8,1,94553.71,0,1
57654.83,608,0.462,0.3,40,2,9,7,41203.29,0,1
20000.0,647,0.396,1.6,28,0,1,10,93480.05,0,0
20000.0,703,0.692,11.2,57,1,5,8,62540.03,0,0
74786.09,665,0.232,3.3,53,1,6,9,60033.25,0,1
48884.71,755,0.085,4.6,35,1,9,9,66365.38,0,1
88367.22,558,0.102,5.3,20,2,7,10,76645.23,0,1
24668.9,560,0.08,0.4,27,0,3,1,47267.41,0,0
63573.44,694,0.203,0.1,54,3,3,2,98157.41,0,0
124792.66,641,0.32,13.9,69,0,4,6,13409.29,0,1
60466.99,630,0.34,1.6,35,0,6,9,91813.28,0,1
56291.05,539,0.316,2.4,60,1,6,1,67455.19,0,0
49230.96,682,0.254,5.7,63,3,3,9,91442.07,0,1
22349.5,676,0.722,1.3,21,1,7,9,40032.2,0,0
96547.12,732,0.308,6.6,66,1,5,2,83754.88,0,0
36118.89,686,0.417,3.1,42,1,3,7,63518.87,0,1
63085.21,669,0.203,9.7,68,0,7,2,83955.34,1,0
22437.36,774,0.347,1.6,46,1,7,10,35877.13,1,0
27180.91,575,0.149,1.1,30,1,4,8,92143.61,0,0
100462.89,723,0.053,8.9,69,3,2,9,92802.88,0,1
41206.4,546,0.246,2.0,31,0,8,6,50108.21,0,0
101380.67,613,0.184,2.7,64,1,4,1,43029.91,0,0
47140.35,583,0.234,7.9,27,1,5,9,59643.44,0,0
20000.0,743,0.22,5.0,53,1,5,3,24017.52,0,0
76575.6,675,0.112,2.9,39,1,2,7,52139.91,1,1
36499.5,679,0.139,1.4,69,1,3,8,90197.98,0,0
69518.24,591,0.128,7.2,28,0,4,5,39691.72,1,1
49642.64,656,0.231,1.0,39,2,2,2,74924.64,0,0
22661.91,619,0.01,13.2,51,1,1,8,64196.66,0,1
53217.76,711,0.162,0.8,69,1,4,9,29832.06,0,0
146988.79,601,0.308,8.2,34,1,4,2,55517.71,0,0
62723.61,786,0.388,2.8,39,1,7,1,85996.16,1,0
47631.1,546,0.203,1.0,42,2,7,2,57717.29,0,0
83924.4,615,0.258,2.6,31,1,5,7,71200.22,0,0
54466.13,814,0.328,1.3,61,0,3,5,78661.98,0,0
54435.25,645,0.422,0.7,23,1,6,5,9692.96,0,0
28401.22,575,0.056,1.4,55,0,4,2,9869.17,0,0
55101.05,698,0.189,10.1,46,1,5,1,15921.2,0,1
82266.7,642,0.311,0.6,31,1,5,5,20485.03,1,1
32272.44,613,0.227,18.0,44,0,3,6,82087.05,0,0
99932.27,592,0.107,0.0,61,2,2,6,46380.67,0,1
46823.8,850,0.249,5.4,41,0,4,8,22599.96,0,0
31448.77,660,0.387,9.7,24,3,4,9,55521.21,0,1
80726.0,526,0.743,13.6,20,0,2,8,77517.32,0,1
42472.11,799,0.473,0.8,58,3,6,1,18306.05,1,0
71664.98,729,0.322,6.0,35,1,0,9,37718.24,0,1
42366.82,619,0.256,0.6,66,0,7,5,23465.14,0,0
47576.15,605,0.454,2.2,50,0,6,9,66405.62,0,0
62741.61,734,0.253,6.6,41,0,6,10,17999.32,0,1
56695.41,660,0.405,2.1,47,0,7,8,79204.09,1,0
20000.0,526,0.146,1.9,42,0,3,8,24743.19,0,0
27983.72,823,0.125,0.6,65,1,3,8,10567.19,0,0
78018.79,645,0.245,0.3,42,0,8,10,91532.52,0,0
45886.75,800,0.084,0.6,23,1,7,9,36655.17,0,1
37727.12,782,0.199,10.4,49,1,6,5,52760.81,0,0
24852.48,600,0.276,0.1,50,1,1,2,14594.26,0,0
28570.55,763,0.295,5.9,58,0,3,9,50548.86,0,0
20000.0,628,0.272,7.3,67,3,7,1,26143.47,0,1
46600.18,531,0.023,4.2,41,1,4,8,84835.96,0,1
36343.88,646,0.252,6.6,36,1,4,3,72806.67,0,0
30233.51,712,0.588,5.3,44,0,3,1,68014.07,0,0
47379.19,643,0.358,3.0,65,1,1,9,79219.83,0,1
58805.19,655,0.093,2.4,69,1,5,7,32903.23,1,1
139608.72,771,0.659,14.2,69,3,5,2,48096.64,0,0
23018.61,689,0.22,17.9,30,2,7,1,13224.21,0,0
87525.94,613,0.385,5.3,44,1,4,7,11439.52,0,1
79741.93,736,0.278,1.1,31,2,5,10,36263.7,1,1
33204.93,696,0.26,3.0,37,1,6,7,83160.8,0,1
54264.09,478,0.118,3.4,20,0,5,7,61778.18,0,0
38994.79,714,0.096,7.1,26,2,5,9,45328.47,0,1
53790.08,711,0.137,5.5,39,0,7,1,96864.07,0,0
104251.91,682,0.143,3.6,37,1,5,7,47006.1,0,1
66356.91,751,0.201,5.7,32,0,7,4,49543.53,0,0
63215.46,626,0.214,0.1,30,1,1,5,99290.32,0,1
39531.19,707,0.535,7.5,57,1,6,2,17479.46,1,0
23341.11,555,0.516,1.2,33,1,5,8,29283.32,0,0
44168.44,713,0.312,5.3,55,1,4,4,48064.15,0,1
89617.34,836,0.597,0.6,37,1,6,3,59272.75,0,0
22843.37,600,0.604,0.6,60,3,5,2,19067.83,0,0
28924.82,619,0.213,0.2,27,1,1,7,36238.14,0,1
52215.46,623,0.14,12.1,26,2,8,5,25925.06,1,1
29961.62,690,0.39,4.6,53,2,7,8,85740.12,0,1
32982.69,595,0.215,2.2,66,0,5,8,84288.89,0,0
39664.06,714,0.474,7.8,25,2,8,5,27784.54,0,1
24765.12,748,0.306,4.9,22,1,3,8,46317.99,0,0
30119.83,723,0.367,4.8,67,0,2,6,66906.03,0,0
69683.16,539,0.523,3.3,24,0,3,6,9575.5,0,1
25496.98,760,0.291,0.0,31,2,7,10,88942.77,0,1
22049.91,755,0.189,1.5,66,0,8,1,53547.25,0,0
35774.39,746,0.293,0.6,60,0,5,3,26521.2,1,0
70684.23,710,0.104,5.4,36,1,4,8,42691.73,1,1
44424.18,698,0.305,1.4,68,1,2,8,90658.69,0,1
38859.56,763,0.342,3.0,48,1,6,2,7354.4,0,0
50120.2,834,0.194,2.2,22,0,6,2,18565.1,0,0
20478.82,604,0.374,0.8,55,0,7,6,23310.19,0,0
62777.55,766,0.176,15.9,46,1,7,10,10710.66,0,1
59380.28,673,0.436,13.5,48,1,1,3,26399.3,0,1
39948.47,670,0.477,0.4,70,2,7,5,82629.82,1,0
81061.41,557,0.653,8.8,26,1,8,6,55072.29,0,1
27896.37,657,0.283,3.4,52,3,3,9,62516.12,0,0
86159.41,600,0.218,7.4,42,0,8,9,19809.08,0,1
52957.6,643,0.609,0.8,32,1,7,1,31439.95,0,1
41428.47,592,0.272,0.7,54,1,5,7,92161.38,0,1
48536.1,644,0.248,11.1,53,2,5,9,24991.8,0,1
46460.96,648,0.19,11.4,63,3,1,2,91140.64,0,0
90232.18,688,0.621,3.1,64,1,4,10,68005.3,0,0
28614.26,551,0.457,10.2,47,1,6,7,52763.41,0,0
33481.23,564,0.45,5.5,35,2,6,4,21525.19,0,1
82302.06,709,0.696,1.0,46,0,4,5,68992.04,0,1
36396.67,616,0.266,2.0,37,0,6,4,89207.74,1,0
76900.41,766,0.602,0.7,32,1,3,1,20179.18,0,0
114659.02,698,0.489,7.4,47,0,3,3,5587.03,0,1
40098.83,729,0.238,21.1,52,1,4,9,75305.81,0,1
68918.59,793,0.325,4.0,49,3,4,1,62043.77,1,0
27533.37,655,0.654,5.3,68,1,3,2,52793.31,0,0
71493.85,634,0.185,6.9,34,2,4,7,48324.36,0,0
54160.76,750,0.466,1.3,37,0,6,7,52271.66,0,0
62101.11,721,0.105,2.0,53,1,3,8,40585.4,0,0
35497.37,665,0.617,2.7,49,0,4,1,12821.51,1,0
21363.91,791,0.192,4.5,18,1,2,6,78693.78,0,0
63046.39,663,0.248,9.5,34,0,5,5,49444.22,0,0
20000.0,683,0.244,1.5,31,2,6,2,83370.66,0,0
41828.15,682,0.13,3.2,62,1,4,3,98310.97,0,0
78479.36,605,0.326,7.0,63,1,4,3,21316.26,1,0
53957.33,686,0.357,0.5,33,0,2,8,80380.96,0,0
129854.69,792,0.087,3.6,23,0,5,6,97864.23,0,1
81842.72,716,0.301,0.8,29,1,7,9,73821.52,0,0
35349.9,682,0.215,3.9,27,2,11,6,28367.05,0,1
49694.86,667,0.303,7.3,30,1,3,5,90166.15,0,0
47873.37,706,0.578,1.4,30,1,5,9,80356.16,0,0
22223.63,740,0.378,9.5,43,2,4,7,47684.4,0,1
30632.0,729,0.16,2.0,35,0,5,6,59393.93,0,0
37035.03,653,0.194,1.1,47,1,9,2,73582.61,1,0
20000.0,706,0.537,3.1,36,1,4,3,16829.47,0,0
50198.82,718,0.248,10.4,60,0,12,10,93063.47,0,1
43280.79,599,0.1,0.4,67,3,4,1,98807.19,1,0
21238.12,693,0.067,2.0,39,1,5,4,36400.58,0,0
60000.4,507,0.417,5.3,21,0,2,9,72933.07,0,1
70118.11,719,0.509,2.2,30,0,7,1,45023.95,1,0
54913.65,733,0.073,0.4,23,1,7,3,7634.84,0,0
41687.89,740,0.35,2.0,36,1,3,7,96078.1,0,0
65888.62,648,0.329,8.6,52,3,6,7,18520.56,0,1
68879.25,705,0.305,17.2,45,1,9,6,12119.63,0,1
57165.27,794,0.483,0.2,31,1,8,9,84532.97,0,0
32457.73,793,0.066,4.2,58,0,3,6,8217.41,0,1
56291.59,678,0.155,0.6,25,0,8,9,70349.27,0,1
89120.11,691,0.107,5.7,30,1,4,9,93357.23,0,1
36376.76,769,0.319,0.0,53,2,3,5,43587.73,0,1
139940.09,560,0.208,0.1,28,1,4,7,11493.39,0,0
37691.3,654,0.369,7.5,53,1,3,8,25737.78,0,0
49821.58,787,0.003,0.4,69,1,6,6,95090.79,0,0
35022.89,758,0.09,1.8,61,1,5,9,49211.67,0,0
54810.41,710,0.517,15.9,26,0,4,1,56429.2,1,1
20514.54,560,0.319,21.1,45,2,2,6,19825.8,0,1
37308.6,676,0.15,0.9,40,1,4,8,92211.61,0,0
28394.18,633,0.18,4.1,70,1,6,5,54127.38,0,1
52452.81,706,0.626,4.1,68,1,3,1,55241.76,0,0
80597.56,615,0.267,3.0,25,0,1,8,59724.49,0,0
67710.94,598,0.236,12.9,65,1,5,4,77900.63,0,1
20000.0,515,0.49,7.0,28,1,4,5,24280.53,0,0
136084.98,778,0.13,7.2,35,0,7,10,94521.31,0,1
56819.79,648,0.268,1.6,36,2,4,7,21663.48,0,0
33248.02,693,0.267,2.8,33,1,7,2,23754.43,0,0
53027.4,680,0.343,3.3,62,2,3,3,6178.78,0,0
53535.21,595,0.653,1.8,35,2,6,2,6870.0,1,0
35121.74,579,0.042,0.5,60,1,6,10,45739.96,1,0
54119.96,600,0.307,0.7,70,0,3,8,22382.32,0,0
36180.08,622,0.162,1.0,62,2,8,4,25130.67,0,0
40047.4,709,0.252,1.1,36,1,8,8,98853.19,0,1
34782.18,616,0.503,1.4,55,1,4,6,93284.83,0,1
23948.58,820,0.353,1.5,46,0,5,2,35633.08,0,0
52728.86,762,0.133,3.0,59,1,5,1,37599.99,1,0
65686.57,745,0.262,3.6,26,1,5,4,32749.35,0,1
63414.12,670,0.082,1.8,51,1,4,1,88811.95,0,0
73862.65,801,0.07,11.9,58,3,5,8,14337.16,0,1
57651.42,663,0.086,4.0,58,1,3,5,60488.17,0,0
37557.83,677,0.42,7.7,68,1,4,4,22698.74,0,0
74595.24,694,0.268,12.9,21,1,5,7,77024.54,0,1
24865.62,736,0.505,0.9,36,0,6,10,64979.17,0,1
31246.55,731,0.216,2.8,43,2,5,7,41845.14,0,1
30269.62,642,0.499,2.8,34,1,6,8,14320.36,0,1
84122.39,637,0.113,2.2,34,2,8,9,77903.83,0,0
78542.43,731,0.422,0.0,27,1,4,3,12318.45,0,0
62545.69,737,0.483,8.5,60,1,6,1,31005.55,0,0
83781.29,649,0.272,0.6,65,1,8,9,29096.3,0,0
31582.51,553,0.092,27.0,22,2,5,4,59959.87,0,1
58354.84,663,0.13,7.4,26,1,4,8,53804.64,1,1
46046.76,730,0.156,4.3,30,1,4,5,31575.56,0,0
74864.95,824,0.372,0.8,44,0,2,3,45885.64,0,0
46276.42,584,0.656,3.6,59,2,7,2,46454.83,0,0
40438.14,646,0.061,1.5,22,1,4,1,59488.15,1,0
64244.68,649,0.301,1.5,51,1,8,1,90332.68,0,0
75969.3,788,0.131,8.8,26,0,1,9,18483.59,1,1
35095.47,677,0.317,2.4,69,1,6,8,57981.19,1,0
47546.44,607,0.26,3.0,65,1,2,1,6746.02,0,0
28876.39,725,0.369,9.3,67,0,4,10,71330.96,0,1
20000.0,648,0.334,0.5,24,2,10,8,65837.42,0,0
54188.82,582,0.333,4.5,43,1,2,4,70931.49,0,1
66466.46,609,0.451,4.3,27,2,8,3,50119.56,0,1
55884.0,819,0.347,2.8,49,1,12,6,22751.55,0,0
20000.0,711,0.277,8.9,30,0,8,9,47567.7,0,1
41133.38,689,0.487,14.3,58,1,4,9,7241.81,0,1
20000.0,660,0.424,3.1,51,1,5,7,41236.39,0,1
97231.55,703,0.29,3.0,48,1,14,2,84664.64,0,0
28480.44,702,0.356,3.5,61,1,5,7,37165.71,0,0
91830.69,703,0.216,6.4,44,2,4,1,61216.65,1,1
78663.52,689,0.589,5.5,32,0,8,7,29805.93,0,1
31247.82,750,0.226,1.3,50,2,4,7,17750.68,1,1
27822.7,682,0.163,0.3,68,1,8,9,54487.64,0,0
58406.65,602,0.186,14.9,49,1,5,9,8397.6,0,1
32139.4,631,0.47,1.5,51,0,2,1,90925.61,0,0
51598.21,522,0.372,5.1,67,1,11,9,78832.29,0,1
38506.65,842,0.093,8.8,45,2,3,6,99802.31,0,1
20119.02,749,0.352,1.8,70,2,5,9,99352.55,1,1
20000.0,614,0.187,5.0,26,1,5,2,74253.67,0,0
54904.04,657,0.666,0.6,46,1,9,7,78785.64,0,0
37020.28,629,0.062,17.5,29,0,4,9,55168.7,0,0
37177.35,803,0.151,0.3,42,2,1,8,25761.63,0,1
69420.11,566,0.541,2.9,27,1,6,9,81798.76,0,0
88143.47,689,0.392,3.8,30,2,4,6,30620.89,0,1
42775.79,671,0.321,7.8,29,1,4,7,66748.58,0,1
41344.75,746,0.228,0.6,35,0,5,7,74433.31,0,0
62948.46,672,0.331,2.9,25,1,5,1,58607.68,0,1
24872.85,539,0.089,1.8,60,1,6,1,67959.11,0,0
54807.18,660,0.516,1.9,29,1,4,5,32826.58,0,0
64598.27,602,0.226,7.5,40,0,3,1,77248.98,0,1
68879.58,686,0.012,0.0,19,2,8,8,94637.07,0,1
20000.0,795,0.316,6.9,23,0,5,8,50980.54,0,0
33500.73,541,0.141,8.3,65,2,7,6,16492.87,0,1
31598.61,616,0.372,11.6,62,0,6,2,63873.24,0,0
51531.24,636,0.42,4.9,62,3,5,8,37434.23,0,0
62340.86,649,0.337,2.0,39,3,5,2,44815.03,0,0
103606.49,739,0.267,2.8,25,1,6,1,19404.39,1,0
38273.66,666,0.265,17.5,24,3,5,10,64449.83,0,1
38223.8,713,0.581,10.7,49,2,5,4,79788.72,0,0
87102.08,630,0.276,3.1,61,0,5,9,77811.79,0,1
56856.65,698,0.254,14.3,65,3,7,2,99418.76,0,0
92394.78,742,0.093,8.7,33,0,4,9,25158.7,0,1
56633.96,621,0.174,11.6,35,0,4,5,91843.53,0,0
27486.26,743,0.312,5.7,23,1,7,3,74598.77,0,1
25170.7,684,0.391,9.7,58,0,5,3,72211.12,0,1
22567.0,764,0.187,11.1,32,0,7,10,69957.05,0,0
68256.36,664,0.569,0.5,43,3,10,10,56144.63,0,1
88813.9,710,0.647,16.8,66,3,7,10,40971.72,1,1
123584.58,677,0.095,2.0,57,2,3,3,94617.84,1,0
74723.71,672,0.303,2.9,21,1,6,5,19353.26,0,1
87677.39,701,0.239,7.8,18,3,3,10,21718.3,0,1
36680.18,723,0.186,5.5,59,0,4,3,6587.89,1,1
27495.9,580,0.399,11.2,47,3,6,9,75241.58,0,1
74984.72,795,0.467,2.6,55,1,4,4,89928.58,0,0
60405.8,531,0.215,2.3,26,2,4,8,22674.23,0,1
51726.33,625,0.137,0.2,63,1,3,9,8269.9,1,1
59497.27,672,0.22,3.1,58,3,5,4,28189.87,0,0
57618.14,713,0.316,6.4,64,2,6,6,88948.48,1,1
93144.6,806,0.366,1.8,36,2,5,2,6537.41,0,0
93666.21,531,0.335,3.1,32,1,6,7,14609.88,0,0
64351.16,639,0.388,1.2,26,2,8,6,7373.9,1,1
74824.56,510,0.373,7.4,66,2,4,5,94599.25,0,1
63388.09,683,0.213,0.3,27,0,4,3,17872.8,0,0
38925.9,702,0.42,6.1,24,1,6,6,90539.74,0,1
71559.34,807,0.519,2.4,28,0,4,9,49976.67,1,0
24410.11,690,0.11,0.2,58,2,5,9,42511.52,0,0
83029.05,764,0.403,9.6,64,0,6,6,45518.65,0,1
26976.96,727,0.163,3.3,60,3,11,6,44773.58,0,0
56551.2,645,0.146,4.6,47,1,3,6,37464.47,1,1
32126.07,567,0.352,6.6,70,0,7,9,82025.93,0,0
64646.84,702,0.112,5.3,22,3,5,9,53259.59,0,1
48196.29,561,0.542,6.6,63,0,4,10,99143.17,0,1
22084.3,784,0.291,7.2,40,1,5,9,54188.3,0,1
60497.05,667,0.458,4.4,42,2,2,4,82755.06,0,0
36718.63,776,0.447,2.3,25,1,6,5,75784.21,0,1
76158.61,642,0.187,1.4,20,1,3,9,43104.75,0,1
49053.31,702,0.271,11.7,34,2,10,2,79920.36,0,1
59737.22,697,0.297,17.5,27,3,6,3,19721.95,0,1
30370.15,676,0.115,2.2,43,0,5,10,24317.49,0,1
36509.72,645,0.247,0.6,26,0,1,1,63793.55,1,0
38975.19,711,0.199,1.3,25,1,9,9,72598.58,1,0
75233.45,606,0.392,5.6,64,1,3,9,66163.74,1,1
113401.35,583,0.203,0.9,66,1,4,6,53397.16,1,0
32774.76,779,0.282,7.6,68,0,6,3,18072.7,1,0
83987.57,738,0.196,12.8,53,1,5,5,40412.22,1,1
20000.0,685,0.303,16.6,58,2,2,8,62464.65,0,1
26981.46,813,0.315,0.0,61,0,8,6,26476.66,0,0
30351.79,659,0.397,15.9,52,0,6,7,65594.42,0,1
24927.97,786,0.396,6.7,35,1,3,1,27256.67,0,1
22207.95,694,0.511,0.4,26,0,4,2,14296.55,0,0
60264.56,598,0.483,2.7,30,1,3,6,35812.14,0,1
44044.96,828,0.715,6.0,62,1,5,8,30911.6,0,1
59260.76,759,0.176,15.7,54,1,4,5,81992.36,1,1
69233.24,670,0.354,0.9,42,1,8,8,50943.31,0,1
55983.29,738,0.299,0.7,20,1,5,4,11084.0,0,0
68110.15,648,0.333,3.2,32,2,5,1,82478.86,0,0
47345.82,746,0.398,17.2,56,3,5,8,30525.38,1,0
27078.72,489,0.166,17.8,45,1,6,5,58948.05,0,0
83192.05,598,0.227,1.3,41,1,3,10,56444.83,0,0
36513.74,758,0.057,1.9,34,0,2,7,97300.82,0,0
30705.65,660,0.39,11.9,50,2,4,5,29218.85,0,1
44848.3,697,0.125,6.6,68,1,7,1,18792.52,0,0
31057.47,572,0.182,17.9,65,0,3,3,29550.23,0,1
39786.57,828,0.123,11.2,20,0,5,2,59763.84,0,1
58222.49,775,0.391,1.2,43,0,4,1,25666.61,0,0
58347.45,664,0.421,7.1,35,0,6,6,37344.71,0,1
31290.97,648,0.116,0.2,45,1,5,3,67515.21,0,0
38412.85,762,0.011,8.5,50,3,6,9,16065.6,0,1
83882.01,839,0.412,4.6,28,2,6,9,94803.9,0,1
62830.76,756,0.585,15.6,59,1,5,1,55573.47,0,0
138348.69,850,0.433,16.1,43,1,4,9,50941.69,0,1
88438.62,606,0.505,0.3,70,1,3,6,39489.23,1,0
86868.13,614,0.216,0.9,19,1,6,2,28338.15,0,0
24491.12,585,0.421,3.3,28,1,6,7,50923.07,0,0
71820.86,715,0.526,10.6,54,0,0,2,51195.88,0,0
47736.26,694,0.093,8.4,54,1,3,1,10331.59,0,0
37216.56,668,0.715,16.7,48,1,5,7,85501.78,0,1
53316.85,745,0.288,4.8,69,0,3,6,82972.44,0,0
78637.64,779,0.208,1.5,40,0,2,8,47541.63,0,0
62970.13,558,0.486,0.1,40,0,5,1,36991.83,0,1
31595.28,632,0.124,1.3,65,1,7,3,52398.54,0,0
71056.42,746,0.264,5.6,46,1,7,8,26036.27,0,1
35639.37,643,0.21,13.0,36,0,4,1,5080.03,0,0
54630.17,616,0.119,1.9,55,0,3,8,38658.68,0,1
42121.98,761,0.53,10.4,50,0,8,1,6710.5,0,1
43939.41,577,0.195,2.5,34,3,5,6,8866.74,0,1
71906.47,656,0.409,1.8,33,1,5,8,7799.66,0,0
29141.05,706,0.335,3.6,39,0,6,2,88605.62,1,0
129650.49,634,0.626,2.9,22,1,7,8,18642.67,0,0
20000.0,743,0.435,12.3,67,0,4,8,29162.14,0,1
36357.88,634,0.126,3.2,28,1,6,6,51575.25,0,1
58988.98,793,0.215,1.6,28,0,4,2,55284.52,0,0
65654.22,670,0.118,9.2,52,3,6,9,16596.5,0,1
46618.94,734,0.682,30.0,56,3,2,8,91403.78,0,0
47634.12,740,0.399,5.2,56,1,5,8,26952.79,0,1
60190.81,630,0.364,1.4,38,2,3,9,94545.93,0,1
43672.12,516,0.098,1.4,63,1,3,8,29403.2,0,0
98379.79,709,0.218,0.3,46,3,3,7,5246.42,0,0
74583.5,686,0.099,0.4,41,1,8,1,97326.83,0,0
75842.35,724,0.415,12.3,60,0,4,2,50953.05,0,0
30240.02,662,0.2,0.5,31,0,11,7,88481.29,0,1
47113.07,646,0.29,3.3,63,0,5,9,74762.58,0,1
42182.77,841,0.386,6.0,46,1,3,1,22006.78,0,0
29649.46,562,0.319,9.5,65,0,7,9,85300.53,0,0
58693.37,739,0.333,0.9,28,1,7,7,9852.44,0,1
37465.55,634,0.146,2.9,67,1,2,3,53218.03,1,0
68029.85,653,0.383,1.4,54,2,9,8,29140.75,0,1
28707.23,655,0.077,1.5,50,1,3,6,39350.69,0,0
115788.47,616,0.234,1.8,40,1,9,8,76917.69,0,0
31314.41,726,0.058,4.4,68,1,4,7,69921.43,0,1
54701.76,791,0.418,0.1,41,2,2,8,46807.93,0,1
72833.38,718,0.287,2.6,44,0,6,7,9362.25,0,0
36852.54,688,0.402,1.0,59,0,3,3,8791.99,0,0
75074.36,601,0.32,17.1,33,2,6,1,71709.43,0,0
26513.47,721,0.192,4.4,33,2,8,6,95138.81,1,1
101322.0,850,0.121,10.1,58,1,3,8,85490.38,1,1
49368.83,650,0.594,1.1,25,1,6,2,16607.48,0,0
36380.72,650,0.588,8.3,61,0,7,7,16516.55,0,0
42209.86,635,0.645,2.7,51,0,3,2,63000.2,0,0
73457.31,641,0.06,1.0,46,3,1,7,67473.17,0,0
36598.86,460,0.327,7.2,30,0,6,6,63566.47,0,1
33702.29,712,0.436,7.2,59,1,5,2,89112.3,0,0
43880.78,612,0.117,27.5,60,2,7,9,26945.44,1,1
27214.87,551,0.315,7.6,43,0,5,6,21367.98,0,0
121816.6,740,0.27,0.8,38,0,5,9,91845.92,0,1
36930.86,593,0.189,1.9,31,1,5,9,73604.21,0,1
74295.7,653,0.053,3.0,57,1,10,10,72614.08,0,0
54433.5,797,0.437,0.7,51,0,11,6,36860.99,0,0
29963.43,567,0.266,7.8,29,0,3,6,64647.84,1,0
48875.07,557,0.638,3.7,59,0,8,9,74036.69,0,1
72547.83,702,0.373,14.5,64,0,4,8,62026.19,0,1
44616.96,772,0.444,4.4,21,0,3,6,74940.98,0,0
89014.67,554,0.214,3.7,58,1,5,8,61054.79,0,0
81695.79,713,0.381,0.4,62,0,4,9,98293.03,0,0
77610.46,726,0.449,0.8,70,2,8,6,51740.31,0,1
38955.36,515,0.092,9.5,30,0,10,10,6184.55,1,1
28569.04,744,0.139,23.4,37,1,6,9,20517.54,0,1
36069.62,750,0.32,2.7,68,1,4,1,96595.04,0,0
54074.63,655,0.482,8.3,23,2,4,3,49604.45,0,1
64401.57,780,0.597,4.9,45,0,5,6,16449.54,1,0
20000.0,771,0.14,16.0,44,0,6,2,19802.92,0,1
48822.35,688,0.127,1.4,50,2,5,9,7750.21,0,1
53052.89,644,0.382,3.9,35,2,5,7,26502.26,0,1
42669.0,602,0.53,2.6,66,0,1,6,98731.3,0,0
93492.54,677,0.133,3.9,32,0,6,1,36237.45,0,0
60529.74,726,0.351,1.6,52,2,3,8,28773.95,0,1
94381.08,654,0.006,3.4,44,0,7,5,68424.01,0,1
44003.29,504,0.443,4.9,32,2,5,6,69048.79,0,0
78334.14,781,0.565,0.4,28,3,5,6,96944.19,1,1
111027.5,695,0.076,6.8,68,0,1,1,74311.78,1,1
94451.97,650,0.41,6.1,47,2,4,9,15446.84,0,1
28393.89,749,0.357,10.6,49,1,6,6,98631.81,0,1
43181.26,802,0.329,2.8,59,2,8,3,76272.54,1,0
41250.46,456,0.26,0.3,22,1,3,7,29625.57,0,0
62606.68,715,0.17,3.1,55,0,3,5,29813.62,1,1
69090.79,566,0.056,0.7,27,2,6,2,96199.74,0,0
32226.8,720,0.401,5.2,57,0,6,2,23300.47,0,1
50712.07,690,0.333,0.2,25,3,8,10,26620.82,0,1
20000.0,731,0.295,2.3,61,1,8,8,39098.47,0,0
100807.95,640,0.42,0.4,53,0,4,6,69549.78,0,1
37941.96,530,0.08,0.0,38,0,4,4,45823.78,0,0
50409.35,644,0.632,16.2,37,2,8,8,34570.1,0,1
41989.51,713,0.574,27.8,26,1,4,6,30424.3,0,1
86943.5,761,0.087,4.1,65,2,9,8,16884.11,0,0
20000.0,586,0.272,1.4,24,0,5,8,56894.28,0,0
48615.36,762,0.716,12.1,43,1,4,7,30974.14,0,1
46494.56,628,0.446,12.8,30,2,7,10,36490.9,0,1
39072.8,709,0.48,9.6,70,0,8,5,5740.65,0,0
116205.25,639,0.302,3.9,48,1,4,6,55467.78,0,1
31455.69,695,0.278,0.4,26,3,6,2,71160.21,0,1
72106.4,751,0.287,0.5,53,1,2,2,93115.72,0,0
58578.7,582,0.193,11.3,70,2,7,6,23727.06,0,1
92111.92,626,0.298,10.4,49,2,4,7,92339.44,0,1
35115.77,695,0.438,2.8,42,1,4,3,39307.4,0,0
33979.6,850,0.135,2.0,33,2,6,1,81227.32,0,0
84798.65,611,0.344,5.2,23,1,3,9,90196.19,1,1
60637.01,843,0.261,8.2,30,1,4,4,96329.63,0,0
22641.31,840,0.461,6.6,47,0,6,7,35917.17,0,1
37434.48,672,0.1,4.8,57,3,2,8,29743.1,1,1
59467.86,656,0.468,1.3,64,2,7,1,46758.61,0,0
74524.42,625,0.396,1.5,59,0,4,5,57692.07,0,0
34904.98,675,0.231,6.4,25,1,5,4,70611.64,0,1
20000.0,567,0.415,8.1,58,1,8,8,70728.36,1,1
63679.09,674,0.107,0.6,48,1,5,2,16081.71,0,0
26631.22,800,0.233,1.0,42,3,4,6,63122.67,0,0
20000.0,631,0.687,5.7,48,0,6,6,20947.53,0,0
20000.0,661,0.255,2.5,18,3,7,10,72579.98,0,0
73643.45,544,0.236,4.1,22,0,4,3,97775.16,1,0
52276.84,710,0.361,4.8,45,1,6,8,78235.48,1,1
43790.48,701,0.222,7.5,27,1,8,3,70999.84,0,0
98175.52,685,0.332,8.2,46,0,3,5,12361.04,0,1
67417.66,663,0.312,1.6,36,1,8,7,22540.14,0,0
109990.58,657,0.312,3.9,65,2,10,7,38747.86,0,0
24431.59,720,0.141,0.7,67,0,7,1,93680.37,0,0
48181.22,678,0.381,9.2,69,0,4,5,36434.71,0,0
21843.16,705,0.174,9.3,65,1,6,2,82308.31,0,0
43708.98,697,0.271,1.8,69,2,3,6,14856.38,0,0
43290.66,770,0.17,0.9,55,3,1,2,67890.21,0,0
67057.57,734,0.3,0.4,68,0,3,4,79015.34,0,0
50150.41,695,0.323,4.3,51,3,1,5,56577.57,0,0
66950.15,801,0.274,0.5,60,1,2,5,77850.36,0,0
69683.59,714,0.201,5.7,25,0,5,5,73748.2,1,0
143984.99,784,0.167,5.7,53,3,6,5,50313.17,1,1
41871.12,729,0.018,4.8,66,0,7,2,87224.31,0,0
30622.45,533,0.358,10.5,46,2,1,10,37454.79,1,0
55439.18,784,0.167,2.4,28,2,7,6,45413.85,0,1
32822.19,691,0.452,11.6,45,1,4,2,56286.8,0,0
102845.22,676,0.381,0.2,55,1,5,7,17416.37,1,1
42548.12,703,0.21,0.6,58,1,3,2,53955.18,0,0
36945.97,652,0.13,2.7,45,0,4,7,35791.03,0,0
38728.93,698,0.198,4.5,29,2,4,1,29383.23,0,0
70207.38,633,0.591,0.2,66,3,3,5,59799.32,0,0
45302.91,782,0.408,4.2,58,1,3,4,36312.28,1,1
35566.75,671,0.225,1.8,32,3,6,5,86273.23,1,1
112721.56,649,0.129,10.9,60,1,5,8,43948.04,1,1
31949.6,606,0.298,3.8,36,1,4,9,44238.57,0,0
49900.34,702,0.229,4.4,34,1,6,3,98284.5,0,0
67924.57,695,0.439,14.6,63,0,3,4,37445.06,1,0
21684.05,711,0.091,7.2,63,3,6,6,17491.17,0,1
62325.77,598,0.302,2.9,39,2,4,6,88275.41,0,1
28924.55,552,0.587,3.2,18,2,7,2,92114.84,0,0
73968.26,730,0.245,5.2,28,1,9,7,26512.75,1,1
30293.08,799,0.082,1.1,65,2,9,3,88797.32,0,1
69312.78,598,0.239,0.5,65,1,2,9,51982.9,0,0
85213.62,807,0.221,1.9,42,1,1,8,9126.01,0,0
75411.74,703,0.179,7.5,34,3,2,9,57138.95,0,1
55584.43,679,0.271,1.5,34,1,8,2,85633.44,0,0
43667.07,648,0.307,0.7,65,1,9,2,42681.7,0,0
36746.2,569,0.451,1.2,35,0,2,7,57345.0,0,0
102284.9,759,0.346,5.7,45,3,9,1,18358.36,0,0
34553.09,618,0.395,4.8,56,0,7,2,85008.71,0,0
29186.66,618,0.364,5.8,29,0,3,3,15154.57,0,0
68369.66,759,0.099,1.9,31,0,8,8,13970.76,1,1
32923.16,529,0.286,11.6,37,1,9,4,93688.05,0,0
30484.34,558,0.358,3.0,52,0,4,6,87979.93,0,0
23818.02,679,0.409,3.6,61,2,3,2,59613.11,0,0
38505.07,703,0.592,14.9,46,1,7,7,15084.62,0,1
47034.77,719,0.216,19.4,25,2,5,2,56868.68,0,1
55356.31,656,0.209,5.4,41,0,4,8,92451.55,1,1
78877.64,850,0.309,14.5,25,0,2,1,63173.72,0,0
63796.2,662,0.197,3.9,23,2,5,3,23832.62,0,0
44558.75,662,0.133,1.8,49,1,3,10,91053.92,0,1
44395.89,616,0.148,1.9,68,0,4,8,87218.34,0,0
63264.44,690,0.209,4.1,62,3,9,8,56925.81,1,0
92622.29,729,0.062,4.6,58,0,5,1,85963.11,0,0
52216.67,776,0.6,2.9,56,0,5,5,10354.4,1,0
38771.26,561,0.234,10.8,65,1,8,6,48812.22,0,1
29838.86,660,0.232,2.8,57,0,9,3,21918.47,0,0
23798.96,716,0.318,1.6,51,0,4,4,84566.39,0,0
68400.46,727,0.051,0.0,37,2,6,5,97263.17,0,0
65446.56,681,0.549,17.6,23,0,6,9,93416.44,0,1
65426.44,723,0.337,8.7,42,0,4,2,52818.1,1,0
45966.6,615,0.276,4.8,66,2,9,7,53544.73,1,1
99058.65,805,0.361,8.9,48,1,4,5,91281.72,0,1
38481.8,759,0.274,8.3,28,0,2,1,73565.94,0,0
79034.09,572,0.29,13.4,52,1,4,9,12087.49,0,1
48080.34,594,0.278,2.4,42,0,2,3,17192.33,1,0
36164.19,596,0.075,4.0,66,1,3,7,95413.63,1,1
65924.48,734,0.232,0.5,26,1,0,7,39759.49,1,1
60163.31,577,0.332,16.8,55,3,8,7,22799.16,1,1
58599.79,654,0.437,21.0,53,1,12,5,74875.81,0,1
51054.0,716,0.447,7.8,69,2,3,2,88570.39,1,0
48100.77,675,0.15,3.0,47,0,2,2,24622.71,0,1
161811.28,701,0.254,3.4,63,1,5,6,28886.42,0,1
88621.37,595,0.028,2.9,19,0,0,6,90494.39,0,1
70362.34,728,0.37,1.7,24,1,4,1,6251.27,1,0
51839.08,631,0.455,3.8,36,1,4,3,91255.27,0,0
81111.38,654,0.018,0.3,50,3,5,8,8729.91,1,1
63512.84,699,0.227,24.1,41,3,5,8,14063.29,0,1
49667.32,688,0.009,2.8,29,1,8,8,86916.16,0,1
42117.47,682,0.477,13.1,49,0,4,3,28599.87,1,0
47077.07,620,0.057,6.4,47,1,5,9,26346.02,0,1
20000.0,656,0.73,1.7,45,2,7,6,85192.21,0,0
54464.28,680,0.182,1.3,23,0,4,1,56508.4,0,0
38398.05,570,0.381,27.2,66,1,9,3,38308.81,0,1
108698.69,643,0.081,7.4,49,0,6,9,72852.06,0,1
49497.23,711,0.239,1.4,32,0,4,9,81925.84,0,0
27052.06,578,0.192,0.3,54,0,5,9,86963.02,0,0
47813.34,773,0.382,6.0,35,3,7,1,16338.44,1,1
29054.81,782,0.189,1.8,44,0,7,9,60341.78,0,0
62112.57,580,0.253,1.3,36,0,9,9,69430.8,0,0
56696.84,789,0.137,6.6,64,3,5,9,16065.07,0,1
79135.73,669,0.274,5.7,70,1,6,3,62961.94,1,1
33009.78,713,0.126,3.3,26,2,4,9,8034.15,0,0
49861.48,640,0.129,14.3,19,1,5,8,37449.22,0,0
24772.49,754,0.681,5.7,29,1,7,1,21341.52,0,0
69615.84,712,0.221,11.2,49,0,3,8,58314.62,1,0
63540.68,615,0.317,1.1,27,1,0,3,23153.82,1,0
62812.07,587,0.088,1.8,60,1,4,2,79968.68,1,0
49060.5,563,0.149,0.6,39,1,2,7,16508.88,1,0
60318.04,695,0.375,1.8,50,1,3,9,76993.76,0,1
109334.75,726,0.134,17.8,42,2,4,6,14396.32,0,1
42508.23,732,0.155,16.5,65,1,4,2,47027.43,0,0
52539.61,671,0.284,7.1,20,1,3,1,71360.75,1,0
28479.42,587,0.2,3.7,56,0,4,6,20339.46,0,0
31757.03,625,0.213,7.6,52,2,5,2,76472.68,0,0
51477.84,772,0.729,4.0,52,1,5,3,95574.06,0,0
85132.72,641,0.191,0.0,40,1,3,7,40473.12,1,0
43125.06,691,0.331,3.5,19,1,5,5,5017.13,0,0
43566.41,594,0.545,4.6,54,2,3,6,50298.81,0,0
39996.91,707,0.27,1.5,61,3,2,2,90731.91,0,0
37519.71,643,0.091,1.1,22,0,6,6,68175.57,0,0
56811.03,764,0.297,1.6,41,2,5,1,71812.18,0,0
23187.56,742,0.065,4.9,26,0,9,1,80284.35,1,0
93010.7,640,0.009,0.8,50,0,4,6,91279.35,0,0
35146.8,670,0.312,6.4,59,2,8,9,16856.38,1,0
70329.86,636,0.144,2.7,53,0,7,3,61069.91,0,0
25977.88,566,0.541,2.2,35,0,8,2,89524.55,0,0
68488.43,611,0.674,8.2,25,1,3,6,78709.46,0,1
68594.82,696,0.654,3.5,59,2,5,5,28649.48,0,0
59403.06,706,0.357,2.4,35,0,7,5,88087.6,1,0
29815.56,692,0.482,10.5,19,0,6,2,32939.83,0,0
55535.3,656,0.086,2.3,48,0,5,3,44034.21,0,0
27132.08,755,0.089,9.8,31,0,5,2,22635.82,0,1
43200.98,685,0.288,3.5,62,0,2,7,89096.53,0,0
82019.03,736,0.187,1.2,25,3,6,9,13836.38,0,1
73009.95,538,0.313,4.7,41,0,7,8,99440.34,0,0
49394.36,366,0.298,1.7,31,1,1,7,36224.65,0,0
30109.52,703,0.558,0.8,54,3,6,1,72526.83,0,0
67696.78,566,0.295,0.5,47,1,2,7,17229.0,0,0
49498.15,663,0.064,1.4,59,0,5,8,51346.99,0,0
20000.0,656,0.413,6.7,42,1,5,2,8812.54,0,0
72498.05,807,0.125,9.1,18,3,8,1,88447.96,0,1
48430.43,712,0.42,9.9,29,1,3,1,47410.79,0,1
89431.27,693,0.353,1.6,70,1,5,1,75561.63,1,0
28349.5,747,0.438,5.4,39,0,6,5,89978.88,1,1
20000.0,709,0.387,1.3,50,1,6,10,11516.55,0,1
56361.52,643,0.557,4.9,65,0,3,2,53586.91,0,0
56714.31,766,0.067,10.9,19,2,5,2,23006.41,0,1
21050.18,591,0.151,0.2,52,1,7,9,11555.67,0,0
30053.98,706,0.465,21.1,33,1,4,10,64093.15,1,1
194387.5,556,0.129,8.8,33,2,7,10,15839.2,0,1
42074.4,696,0.112,7.2,30,0,4,9,51733.84,0,0
70649.02,695,0.349,5.9,61,2,7,9,23707.25,0,1
35407.19,814,0.316,7.4,37,1,5,9,23783.53,0,1
20000.0,555,0.463,26.1,21,1,7,10,54684.46,0,1
45020.39,632,0.122,7.4,23,0,5,10,57762.02,0,0
42924.49,746,0.446,2.2,26,1,2,10,5330.53,0,1
40137.28,707,0.426,4.8,65,1,2,8,52573.08,0,1
46289.92,694,0.209,2.1,40,1,3,9,68626.28,0,0
55945.55,604,0.124,17.5,66,1,2,5,69458.62,0,0
45476.07,633,0.566,11.5,61,0,2,3,85738.61,0,0
26055.83,780,0.164,4.2,62,1,6,9,90053.54,0,0
62510.66,676,0.283,7.6,33,1,4,9,64171.84,0,1
20000.0,710,0.105,12.0,32,1,6,9,50774.04,0,0
20000.0,671,0.26,1.4,47,1,5,2,24390.13,1,0
70940.04,585,0.279,4.3,40,0,6,7,17042.32,0,1
63165.28,755,0.177,3.3,44,0,4,8,62864.47,0,1
47634.01,720,0.324,7.4,21,1,6,2,94925.4,1,0
24398.47,850,0.22,2.4,69,1,8,8,31430.42,0,1
34408.01,599,0.313,6.2,21,1,10,10,14448.07,0,1
42985.87,746,0.58,2.6,27,2,1,9,45266.85,0,1
22071.73,575,0.095,0.6,53,2,4,7,5045.85,0,0
33876.8,693,0.266,0.6,26,0,7,8,57589.58,0,0
67925.39,758,0.171,0.6,24,1,8,1,9700.53,1,1
100072.75,514,0.371,0.2,26,1,2,6,93441.73,0,1
39746.72,664,0.198,3.8,21,1,8,7,87643.63,0,0
71556.61,635,0.112,5.6,31,3,5,2,15915.66,1,1
20000.0,624,0.109,0.7,32,1,5,8,18955.17,1,1
68167.67,711,0.168,4.7,44,2,7,2,95577.51,0,0
32794.82,770,0.195,4.6,41,3,5,6,82287.51,0,0
57163.61,669,0.224,0.8,43,0,3,1,94492.33,0,0
43309.35,696,0.114,2.6,50,0,6,9,36777.63,0,1
94864.71,689,0.295,7.0,30,1,4,9,15540.94,1,1
31659.14,680,0.535,0.1,25,0,2,9,63461.75,0,0
67090.86,593,0.415,0.8,64,0,2,6,96836.99,0,0
42627.13,769,0.454,27.4,51,3,4,8,17346.54,0,1
45290.26,704,0.785,6.6,21,3,9,1,82795.0,0,0
44715.39,712,0.476,3.1,68,1,6,1,39163.22,0,0
32117.73,615,0.455,5.0,54,2,3,5,15973.29,0,1
48676.45,643,0.567,9.4,26,0,7,1,48608.54,1,1
47509.07,666,0.045,9.2,68,1,5,5,51429.67,0,0
55305.08,557,0.096,2.0,37,0,1,6,5862.93,1,1
51136.44,545,0.167,3.4,69,1,5,5,50072.75,0,1
73057.15,632,0.044,5.1,23,1,3,1,66510.42,1,0
77788.92,722,0.236,0.4,26,1,3,9,77642.86,0,0
28989.48,628,0.157,14.6,52,0,6,10,14362.96,0,1
75688.86,598,0.302,2.8,19,0,4,3,88271.09,0,0
27087.61,615,0.353,2.3,19,1,5,2,20935.86,0,0
65770.58,644,0.112,11.9,59,1,8,6,67537.27,0,1
66827.46,652,0.395,0.6,27,1,5,4,57500.09,1,0
20000.0,850,0.467,0.2,66,0,7,6,88600.82,0,1
51353.56,764,0.299,5.8,40,2,4,7,8671.3,0,0
38783.57,762,0.539,2.4,63,0,7,2,23198.45,1,1
33544.14,773,0.149,7.2,40,2,7,1,16586.75,0,1
96319.51,600,0.25,0.4,46,0,6,1,36117.36,0,0
35353.77,582,0.23,2.4,34,1,7,4,37190.6,0,0
32755.02,591,0.529,1.3,52,1,6,7,13418.18,0,0
50911.67,787,0.13,6.7,35,2,5,1,53860.87,0,1
69064.41,636,0.372,1.3,30,1,6,6,16043.1,0,0
45669.03,580,0.585,3.1,22,0,7,4,12063.28,0,1
87832.36,646,0.786,8.5,21,2,3,9,8151.35,0,1
63926.41,661,0.208,12.3,34,1,4,2,93268.48,0,0
20000.0,701,0.344,6.4,56,2,6,7,42690.18,1,1
37619.08,700,0.388,2.8,29,2,3,2,31950.2,0,0
37015.02,614,0.757,4.2,34,1,6,7,50816.03,0,0
62297.74,735,0.361,5.9,65,3,6,9,19980.64,0,1
20000.0,629,0.341,10.4,51,1,7,9,43584.97,0,1
175343.97,667,0.324,11.0,66,1,3,10,23101.84,0,1
63928.02,735,0.051,13.4,65,1,3,7,33917.31,0,1
52809.08,629,0.432,8.3,21,1,4,5,92800.5,0,0
88502.3,634,0.325,0.8,68,1,7,9,19126.41,0,0
158233.49,727,0.09,6.9,21,2,5,5,50015.26,0,1
75763.61,611,0.566,8.4,66,1,8,1,67781.62,0,1
78779.38,649,0.045,10.5,46,1,4,7,92209.73,0,1
52331.04,724,0.189,12.9,46,1,5,7,92686.03,0,1
45671.84,844,0.426,3.6,55,0,4,6,28489.59,0,1
38642.28,728,0.151,5.3,64,0,8,2,94599.7,0,1
32433.4,718,0.199,0.0,50,0,2,8,36481.99,0,1
34769.4,722,0.402,4.3,40,1,8,7,90017.53,0,0
24952.32,594,0.252,3.2,24,2,1,8,13854.36,1,0
47195.99,689,0.453,16.4,59,1,5,5,23843.3,0,1
21113.46,678,0.312,11.6,25,3,5,9,12504.78,0,1
53930.87,706,0.203,8.0,56,0,2,1,33407.56,1,0
48138.36,689,0.047,0.3,45,2,6,8,88016.03,1,1
52757.84,710,0.046,2.6,38,1,9,7,20130.63,1,0
37757.3,655,0.19,6.0,50,0,3,1,26360.42,1,0
200000.0,685,0.086,0.2,58,2,6,3,25537.66,0,1
96766.68,582,0.332,1.3,67,0,3,6,31096.33,0,1
26310.64,654,0.19,10.9,32,0,4,4,6774.67,0,0
55074.06,791,0.223,0.7,67,1,5,2,45265.51,0,0
36170.42,706,0.45,0.3,68,2,1,9,97747.85,0,0
29518.14,678,0.3,4.3,60,1,5,3,47568.05,0,0
25083.46,832,0.021,14.6,64,0,6,5,82267.31,0,1
60846.42,571,0.418,9.0,54,0,1,2,59285.8,0,0
34867.48,591,0.268,18.4,20,0,1,6,6413.88,0,1
79531.86,817,0.257,7.0,48,0,2,1,60623.25,0,0
80570.76,684,0.313,2.9,57,2,10,7,94918.79,1,0
97436.6,661,0.116,14.7,67,3,4,7,57583.5,0,0
32010.1,584,0.237,2.8,48,3,6,3,55153.63,0,0
62173.42,716,0.153,2.2,59,2,7,1,68671.42,0,0
67253.69,724,0.079,3.0,55,2,3,8,87734.33,0,0
38673.54,592,0.094,8.4,33,2,6,10,58651.85,0,1
33326.7,669,0.15,12.5,26,3,3,7,43611.45,0,1
109618.38,653,0.079,2.2,57,2,8,2,8522.61,0,0
54926.32,700,0.338,3.1,30,1,11,2,15551.22,0,1
67371.94,590,0.228,11.4,31,1,4,8,66628.53,0,1
32498.92,780,0.138,0.2,51,1,2,6,63799.16,0,0
26645.03,753,0.054,7.7,59,1,7,1,27707.61,0,0
36874.48,651,0.116,3.0,48,1,4,9,73297.69,0,1
46073.32,663,0.208,2.4,64,2,2,4,31568.24,0,0
28793.07,669,0.254,3.0,29,1,5,8,33972.55,0,1
48780.09,618,0.172,2.7,31,0,5,8,10832.76,1,0
21072.99,645,0.066,7.1,51,0,5,8,57276.73,1,1
28000.46,658,0.218,13.2,61,2,2,5,32331.06,0,1
68559.39,809,0.275,3.4,46,1,7,9,82799.19,1,1
66296.69,756,0.45,8.9,19,1,5,8,81139.36,0,1
40298.18,755,0.337,6.6,53,2,8,1,17202.04,0,0
29469.7,710,0.264,2.0,60,0,5,1,20199.35,1,1
29328.01,591,0.323,4.4,32,1,7,2,35494.09,0,0
40674.88,677,0.391,5.5,21,0,3,10,60181.17,0,1
67660.6,758,0.331,0.1,45,2,4,7,37538.86,0,0
77973.39,579,0.477,2.5,20,2,6,7,38274.32,1,1
38243.7,731,0.103,24.6,40,1,5,2,18305.76,1,1
27536.12,850,0.1,5.1,19,3,4,4,36881.85,0,1
56045.65,765,0.551,2.0,30,3,3,2,49688.62,0,1
32475.22,793,0.303,1.4,38,2,5,8,98548.33,0,0
37830.6,697,0.39,1.2,24,2,6,5,84606.66,1,1
95095.61,757,0.187,2.6,24,2,3,8,80333.25,1,1
74128.68,623,0.133,1.1,61,1,6,2,58182.96,0,0
53049.84,744,0.458,0.7,20,1,6,6,39208.54,1,0
25952.95,732,0.089,2.3,54,0,5,2,86409.91,0,0
54485.96,703,0.568,4.7,60,0,4,7,38005.81,0,0
83393.75,785,0.169,0.8,25,2,3,10,61315.62,1,1
40626.8,637,0.119,0.2,28,0,3,8,29431.69,0,0
96332.12,665,0.399,0.2,51,1,4,1,78758.92,0,0
93561.35,688,0.605,1.6,34,0,7,10,53880.65,0,0
112630.34,598,0.141,1.1,43,1,6,7,90041.01,0,1
57103.55,698,0.093,3.9,61,1,3,1,59045.51,0,0
65755.32,542,0.22,3.0,25,2,7,4,20608.94,0,0
99418.52,764,0.327,2.0,50,3,6,1,99330.03,0,1
61309.92,684,0.244,9.0,67,3,5,8,52686.76,0,1
38153.89,638,0.462,3.5,21,1,3,5,28817.26,0,0
39172.43,613,0.272,0.5,21,3,6,5,36281.89,1,0
55230.88,661,0.495,1.8,47,1,2,2,16517.25,0,0
25712.16,735,0.054,18.1,68,1,6,9,12024.32,1,1
45632.28,724,0.263,18.9,29,0,6,9,47803.8,0,1
84818.89,624,0.116,1.5,35,2,4,2,95427.95,0,0
20000.0,612,0.377,0.9,23,0,7,5,16682.87,0,0
105581.78,733,0.223,3.4,37,1,6,7,90758.8,0,0
85921.31,622,0.347,3.3,20,2,4,1,80689.77,0,0
38953.26,685,0.075,2.6,38,1,4,8,81610.52,0,0
64324.47,690,0.252,3.8,47,0,5,3,72445.57,0,1
49098.01,705,0.269,1.3,69,1,4,2,61224.39,0,0
90671.21,749,0.181,0.6,61,2,7,9,16531.8,0,0
80124.87,579,0.204,4.2,61,0,6,1,59687.01,0,0
24342.15,527,0.343,13.5,30,2,3,2,38437.87,0,1
65751.07,635,0.499,0.7,23,2,4,8,15003.91,0,1
44231.22,824,0.485,6.1,49,3,5,4,81363.66,0,0
51093.69,842,0.467,2.9,45,1,7,9,56922.12,0,1
34061.2,826,0.084,1.7,45,0,4,9,75770.75,0,0
117485.3,665,0.37,9.6,24,1,5,9,50553.46,0,1
82456.89,537,0.388,3.0,44,1,7,7,57413.13,0,1
33864.22,493,0.13,4.4,26,2,8,1,72672.61,1,1
25152.05,631,0.287,2.9,40,3,10,1,28459.95,0,0
40423.38,664,0.045,0.4,21,3,4,6,85469.61,1,1
60916.01,784,0.606,4.5,63,1,5,7,44990.09,1,1
55276.49,749,0.235,2.7,19,1,2,9,72306.49,1,0
91726.48,698,0.342,0.5,67,0,3,7,35977.62,0,0
72762.78,609,0.299,4.5,63,1,6,7,71735.11,1,0
79601.21,603,0.259,0.0,57,3,2,9,9134.51,1,1
57723.96,700,0.176,1.2,69,1,6,2,93279.87,0,0
24473.61,736,0.288,7.6,21,1,4,1,79755.0,1,0
44451.36,711,0.073,0.2,51,0,3,2,68156.53,1,0
83286.76,597,0.258,5.2,62,0,6,8,35768.8,0,0
47774.08,732,0.347,14.9,25,1,5,2,85045.82,0,0
63041.29,714,0.738,0.9,48,2,8,9,77930.17,0,0
41798.92,594,0.144,2.7,38,0,3,2,48043.03,0,0
29292.71,617,0.24,4.3,41,0,5,7,23757.73,0,0
46088.93,735,0.493,3.0,65,1,8,2,21673.83,0,0
57212.27,661,0.234,4.8,46,0,6,1,51378.61,0,0
35318.29,807,0.197,2.6,23,0,7,5,79423.77,0,1
43570.88,720,0.316,0.8,67,0,6,8,72874.2,0,0
30646.34,641,0.126,0.5,28,1,4,8,51888.61,0,0
85786.97,679,0.513,6.8,64,1,9,5,24420.59,0,1
42309.72,685,0.579,1.4,68,3,5,5,27726.9,0,0
101354.32,622,0.476,9.4,64,1,2,2,10475.56,0,0
105279.49,607,0.197,6.8,53,1,3,7,21795.63,1,1
47074.04,736,0.367,0.3,57,0,3,9,6212.14,0,0
29607.28,748,0.201,1.1,54,2,9,1,69077.0,1,0
20000.0,728,0.289,1.7,42,1,6,2,60882.76,0,0
23481.81,801,0.243,4.5,32,0,3,8,98855.85,0,0
24663.57,637,0.125,8.3,33,1,5,6,77463.44,0,1
97658.78,814,0.147,0.3,56,0,6,9,28392.85,0,1
51943.52,608,0.13,1.4,51,1,7,9,72249.77,0,1
59563.74,599,0.165,2.4,48,1,8,2,6156.32,0,0
20000.0,539,0.145,1.0,52,1,3,9,98684.98,0,0
26930.55,644,0.55,3.9,58,3,6,5,63371.35,0,0
76384.87,640,0.272,3.3,57,3,2,7,16368.67,0,0
56578.65,722,0.144,1.9,23,2,5,1,52359.33,0,0
45542.32,700,0.36,3.6,37,2,8,6,94358.36,0,0
65018.11,585,0.075,2.2,32,0,5,8,85721.51,1,0
111068.11,649,0.167,2.1,46,1,2,6,33397.3,0,0
43891.62,650,0.478,1.5,21,0,3,2,42633.91,0,0
50750.91,538,0.22,3.9,58,0,6,2,86088.02,0,0
53976.2,602,0.235,2.9,24,1,5,4,90501.1,0,0
162113.96,618,0.161,1.1,32,2,9,6,91886.72,0,1
20000.0,795,0.411,0.1,59,1,5,3,95049.5,0,0
68982.73,695,0.287,0.8,21,1,5,1,52551.5,0,1
46286.19,733,0.438,0.2,52,1,5,2,86844.31,0,1
65080.87,560,0.526,2.8,66,1,9,9,37962.46,0,1
35288.55,776,0.068,1.3,50,2,5,7,84620.14,1,1
47835.22,784,0.121,2.7,55,1,5,8,38009.15,0,0
69961.84,520,0.318,2.0,59,3,8,3,62790.2,1,1
200000.0,624,0.082,3.9,30,0,4,2,49504.17,0,0
73424.88,720,0.314,6.4,48,3,3,9,89829.22,1,1
32079.33,732,0.328,3.3,34,0,8,7,11319.48,1,0
